Champion_Season,Following_Season,Champion,3PA_ChampValue,3PA_CurrentAvg,3PA_NextAvg,3PA_CurrentDist,3PA_NextDist,3PA_MovedToward,3PA_Change,Pace_ChampValue,Pace_CurrentAvg,Pace_NextAvg,Pace_CurrentDist,Pace_NextDist,Pace_MovedToward,Pace_Change,ORtg_ChampValue,ORtg_CurrentAvg,ORtg_NextAvg,ORtg_CurrentDist,ORtg_NextDist,ORtg_MovedToward,ORtg_Change,DRtg_ChampValue,DRtg_CurrentAvg,DRtg_NextAvg,DRtg_CurrentDist,DRtg_NextDist,DRtg_MovedToward,DRtg_Change,eFG%_ChampValue,eFG%_CurrentAvg,eFG%_NextAvg,eFG%_CurrentDist,eFG%_NextDist,eFG%_MovedToward,eFG%_Change,TS%_ChampValue,TS%_CurrentAvg,TS%_NextAvg,TS%_CurrentDist,TS%_NextDist,TS%_MovedToward,TS%_Change
1996-97,1997-98,Chicago Bulls,17.1,16.79310344827586,12.713793103448273,0.3068965517241402,4.3862068965517285,False,-4.079310344827588,91.5,91.55344827586205,91.77620689655173,0.0534482758620527,0.27620689655172725,False,0.22275862068967456,112.4,105.0103448275862,103.35172413793104,7.389655172413811,9.048275862068962,False,-1.6586206896551516,100.7,104.97931034482757,103.29655172413793,4.2793103448275644,2.5965517241379246,True,-1.6827586206896399,0.511,0.4932413793103449,0.47831034482758616,0.017758620689655114,0.032689655172413845,False,-0.014931034482758732,0.547,0.535896551724138,0.5237586206896552,0.011103448275862071,0.023241379310344867,False,-0.012137931034482796
1997-98,1998-99,Chicago Bulls,11.7,12.713793103448273,13.165517241379312,1.0137931034482737,1.4655172413793132,False,0.4517241379310395,90.3,91.77620689655173,90.4903448275862,1.47620689655173,0.19034482758620186,True,-1.2858620689655282,106.2,103.35172413793104,100.4448275862069,2.8482758620689594,5.755172413793105,False,-2.906896551724145,98.4,103.29655172413793,100.40344827586206,4.896551724137922,2.0034482758620555,True,-2.893103448275866,0.473,0.47831034482758616,0.46589655172413785,0.005310344827586189,0.007103448275862123,False,-0.012413793103448312,0.516,0.5237586206896552,0.5118275862068965,0.00775862068965516,0.004172413793103513,True,-0.011931034482758673
1998-99,1999-00,San Antonio Spurs,10.4,13.165517241379312,13.717241379310344,2.765517241379312,3.317241379310344,False,0.551724137931032,89.88,90.4903448275862,94.65310344827586,0.6103448275862036,4.773103448275862,False,4.162758620689658,102.7,100.4448275862069,102.33793103448274,2.2551724137931046,0.36206896551726686,True,1.8931034482758378,93.6,100.40344827586206,102.32758620689654,6.803448275862067,8.727586206896547,False,1.9241379310344797,0.479,0.46589655172413785,0.4783448275862069,0.013103448275862128,0.0006551724137930925,True,0.012448275862069036,0.523,0.5118275862068965,0.5229310344827587,0.01117241379310352,6.896551724133726e-05,True,0.011103448275862182
1999-00,2000-01,Los Angeles Lakers,12.8,13.717241379310344,13.706896551724139,0.9172413793103438,0.9068965517241381,True,-0.010344827586205696,95.04,94.65310344827586,92.58413793103446,0.38689655172414916,2.455862068965544,False,-2.068965517241395,105.4,102.33793103448274,101.55517241379312,3.0620689655172697,3.8448275862068897,False,-0.78275862068962,96.4,102.32758620689654,101.54482758620689,5.927586206896535,5.144827586206887,True,-0.7827586206896484,0.484,0.4783448275862069,0.4730689655172414,0.005655172413793097,0.010931034482758561,False,-0.0052758620689654645,0.525,0.5229310344827587,0.5180344827586206,0.002068965517241339,0.006965517241379393,False,-0.004896551724138054
2000-01,2001-02,Los Angeles Lakers,15.5,13.706896551724139,14.755172413793105,1.7931034482758612,0.7448275862068954,True,1.0482758620689658,92.9,92.58413793103446,91.95724137931032,0.3158620689655436,0.9427586206896876,False,-0.626896551724144,107.0,101.55517241379312,103.09310344827587,5.444827586206884,3.906896551724131,True,1.537931034482753,103.6,101.54482758620689,103.1103448275862,2.055172413793102,0.48965517241379075,True,1.565517241379311,0.498,0.4730689655172414,0.4770344827586207,0.024931034482758574,0.020965517241379295,True,0.003965517241379279,0.535,0.5180344827586206,0.5202758620689656,0.016965517241379402,0.014724137931034442,True,0.0022413793103449597
2001-02,2002-03,Los Angeles Lakers,17.5,14.755172413793105,14.675862068965516,2.7448275862068954,2.8241379310344836,False,-0.07931034482758825,93.32,91.95724137931032,92.30034482758623,1.3627586206896751,1.0196551724137635,True,0.34310344827591166,108.0,103.09310344827587,102.16206896551725,4.906896551724131,5.83793103448275,False,-0.9310344827586192,100.4,103.1103448275862,102.15862068965517,2.710344827586198,1.7586206896551602,True,-0.9517241379310377,0.498,0.4770344827586207,0.4737586206896552,0.020965517241379295,0.024241379310344813,False,-0.0032758620689655182,0.534,0.5202758620689656,0.5191724137931035,0.013724137931034441,0.014827586206896504,False,-0.0011034482758620623
2002-03,2003-04,San Antonio Spurs,15.5,14.675862068965516,14.920689655172414,0.8241379310344836,0.5793103448275865,True,0.24482758620689715,91.46,92.30034482758623,91.45,0.840344827586236,0.009999999999990905,True,-0.8503448275862269,103.9,102.16206896551725,101.39310344827587,1.7379310344827559,2.5068965517241395,False,-0.7689655172413836,98.1,102.15862068965517,101.37241379310348,4.0586206896551715,3.272413793103482,True,-0.7862068965516897,0.497,0.4737586206896552,0.4710344827586207,0.023241379310344812,0.0259655172413793,False,-0.002724137931034487,0.541,0.5191724137931035,0.5161034482758621,0.02182758620689651,0.02489655172413796,False,-0.003068965517241451
2003-04,2004-05,Detroit Pistons,11.8,14.920689655172414,15.75,3.120689655172413,3.9499999999999993,False,0.8293103448275865,89.34,91.45,92.27433333333335,2.1099999999999994,2.934333333333342,False,0.8243333333333425,100.3,101.39310344827587,104.50666666666669,1.093103448275869,4.206666666666692,False,3.113563218390823,93.9,101.37241379310348,104.51000000000002,7.47241379310347,10.610000000000014,False,3.137586206896543,0.461,0.4710344827586207,0.48223333333333324,0.010034482758620678,0.021233333333333215,False,0.011198850574712538,0.511,0.5161034482758621,0.5294000000000001,0.005103448275862066,0.018400000000000083,False,0.013296551724138017
2004-05,2005-06,San Antonio Spurs,17.0,15.75,15.983333333333336,1.25,1.016666666666664,True,0.23333333333333606,89.96,92.27433333333335,91.70466666666667,2.3143333333333516,1.7446666666666744,True,-0.5696666666666772,106.1,104.50666666666669,104.85666666666667,1.5933333333333053,1.2433333333333252,True,0.3499999999999801,97.8,104.51000000000002,104.84666666666665,6.710000000000022,7.046666666666653,False,0.3366666666666305,0.492,0.48223333333333324,0.48979999999999996,0.009766666666666757,0.0022000000000000353,True,0.0075666666666667215,0.534,0.5294000000000001,0.5355333333333333,0.0045999999999999375,0.0015333333333332755,True,0.006133333333333213
2005-06,2006-07,Miami Heat,17.6,15.983333333333336,16.939999999999998,1.6166666666666654,0.6600000000000037,True,0.9566666666666617,92.56,91.70466666666667,92.931,0.8553333333333342,0.3709999999999951,True,1.2263333333333293,107.5,104.85666666666667,105.27666666666664,2.643333333333331,2.2233333333333576,True,0.4199999999999733,103.4,104.84666666666665,105.26333333333334,1.4466666666666441,1.8633333333333297,False,0.4166666666666856,0.517,0.48979999999999996,0.4961666666666667,0.027200000000000057,0.020833333333333315,True,0.006366666666666743,0.556,0.5355333333333333,0.5414333333333334,0.020466666666666744,0.014566666666666617,True,0.005900000000000127
2006-07,2007-08,San Antonio Spurs,19.0,16.939999999999998,18.10666666666667,2.0600000000000023,0.8933333333333309,True,1.1666666666666714,90.22,92.931,93.48499999999997,2.7109999999999985,3.264999999999972,False,0.5539999999999736,108.6,105.27666666666664,106.19666666666666,3.323333333333352,2.403333333333336,True,0.9200000000000159,99.4,105.26333333333334,106.19000000000001,5.86333333333333,6.790000000000006,False,0.9266666666666765,0.521,0.4961666666666667,0.4974,0.02483333333333332,0.02360000000000001,True,0.0012333333333333085,0.561,0.5414333333333334,0.5402333333333332,0.01956666666666662,0.020766666666666822,False,-0.001200000000000201
2007-08,2008-09,Boston Celtics,19.1,18.10666666666667,18.133333333333333,0.9933333333333323,0.9666666666666686,True,0.02666666666666373,91.88,93.48499999999997,92.75733333333334,1.6049999999999756,0.8773333333333397,True,-0.7276666666666358,108.8,106.19666666666666,106.98333333333333,2.603333333333339,1.8166666666666629,True,0.786666666666676,98.1,106.19000000000001,106.94000000000001,8.090000000000018,8.840000000000018,False,0.75,0.522,0.4974,0.49983333333333324,0.02460000000000001,0.02216666666666678,True,0.002433333333333232,0.569,0.5402333333333332,0.5444,0.028766666666666718,0.024599999999999955,True,0.004166666666666763
2008-09,2009-10,Los Angeles Lakers,18.5,18.133333333333333,18.136666666666663,0.36666666666666714,0.36333333333333684,True,0.0033333333333303017,95.49,92.75733333333334,93.59899999999999,2.7326666666666597,1.8910000000000053,True,0.8416666666666544,111.4,106.98333333333333,106.58333333333331,4.416666666666671,4.816666666666691,False,-0.4000000000000199,103.5,106.94000000000001,106.55333333333333,3.440000000000012,3.0533333333333275,True,-0.3866666666666845,0.513,0.49983333333333324,0.5009333333333333,0.013166666666666771,0.01206666666666667,True,0.001100000000000101,0.555,0.5444,0.5429666666666667,0.010600000000000054,0.01203333333333334,False,-0.0014333333333332865
2009-10,2011-12,Los Angeles Lakers,19.0,18.136666666666663,18.386666666666663,0.8633333333333368,0.6133333333333368,True,0.25,93.73,93.59899999999999,92.24933333333334,0.13100000000001444,1.4806666666666644,False,-1.34966666666665,107.6,106.58333333333331,103.49666666666667,1.01666666666668,4.103333333333325,False,-3.0866666666666447,102.7,106.55333333333333,103.49333333333334,3.8533333333333246,0.7933333333333366,True,-3.059999999999988,0.496,0.5009333333333333,0.48729999999999996,0.004933333333333345,0.008700000000000041,False,-0.013633333333333386,0.538,0.5429666666666667,0.5270333333333334,0.004966666666666675,0.01096666666666668,False,-0.015933333333333355
2011-12,2012-13,Miami Heat,15.6,18.386666666666663,19.96666666666666,2.7866666666666635,4.366666666666662,False,1.5799999999999983,92.07,92.24933333333334,92.94400000000002,0.17933333333334645,0.8740000000000236,False,0.6946666666666772,105.6,103.49666666666667,104.76000000000002,2.1033333333333246,0.839999999999975,True,1.2633333333333496,99.2,103.49333333333334,104.76666666666668,4.2933333333333366,5.566666666666677,False,1.2733333333333405,0.505,0.48729999999999996,0.4966333333333333,0.01770000000000005,0.008366666666666689,True,0.00933333333333336,0.549,0.5270333333333334,0.5346666666666666,0.02196666666666669,0.01433333333333342,True,0.00763333333333327
2012-13,2013-14,Miami Heat,22.1,19.96666666666666,21.536666666666665,2.13333333333334,0.5633333333333361,True,1.5700000000000038,91.26,92.94400000000002,94.79933333333334,1.6840000000000117,3.5393333333333317,False,1.85533333333332,111.4,104.76000000000002,105.68333333333335,6.639999999999986,5.716666666666654,True,0.923333333333332,103.2,104.76666666666668,105.69,1.566666666666677,2.489999999999995,False,0.9233333333333178,0.552,0.4966333333333333,0.5012666666666666,0.05536666666666673,0.05073333333333341,True,0.004633333333333323,0.588,0.5346666666666666,0.5409999999999999,0.053333333333333344,0.04700000000000004,True,0.006333333333333302
2013-14,2015-16,San Antonio Spurs,21.4,21.536666666666665,24.08333333333333,0.13666666666666671,2.68333333333333,False,2.5466666666666633,95.87,94.79933333333334,96.54066666666664,1.0706666666666678,0.6706666666666337,True,1.7413333333333014,109.5,105.68333333333335,105.56000000000002,3.8166666666666487,3.9399999999999835,False,-0.12333333333333485,101.4,105.69,105.53666666666666,4.289999999999992,4.136666666666656,True,-0.15333333333333599,0.537,0.5012666666666666,0.5025,0.035733333333333395,0.034500000000000086,True,0.0012333333333333085,0.571,0.5409999999999999,0.5413,0.030000000000000027,0.02969999999999995,True,0.000300000000000078
2015-16,2016-17,Cleveland Cavaliers,29.6,24.08333333333333,27.003333333333334,5.516666666666673,2.5966666666666676,True,2.9200000000000053,93.82,96.54066666666664,96.962,2.720666666666645,3.14200000000001,False,0.4213333333333651,110.2,105.56000000000002,108.15666666666668,4.639999999999986,2.0433333333333223,True,2.596666666666664,103.9,105.53666666666666,108.14333333333335,1.636666666666656,4.243333333333339,False,2.6066666666666833,0.524,0.5025,0.5138333333333334,0.021500000000000075,0.010166666666666657,True,0.011333333333333417,0.558,0.5413,0.5524,0.016700000000000048,0.005600000000000049,True,0.011099999999999999
2016-17,2017-18,Golden State Warriors,31.2,27.003333333333334,28.996666666666666,4.196666666666665,2.203333333333333,True,1.9933333333333323,100.37,96.962,98.02866666666667,3.4080000000000013,2.3413333333333384,True,1.0666666666666629,114.8,108.15666666666668,107.83999999999999,6.643333333333317,6.960000000000008,False,-0.3166666666666913,103.4,108.14333333333335,107.83999999999999,4.743333333333339,4.4399999999999835,True,-0.3033333333333559,0.563,0.5138333333333334,0.5212666666666667,0.04916666666666658,0.04173333333333329,True,0.007433333333333292,0.597,0.5524,0.5561999999999999,0.04459999999999997,0.04080000000000006,True,0.0037999999999999146
2017-18,2018-19,Golden State Warriors,28.9,28.996666666666666,32.00666666666667,0.09666666666666757,3.106666666666669,False,3.0100000000000016,100.35,98.02866666666667,100.66033333333336,2.321333333333328,0.3103333333333609,True,2.631666666666689,112.8,107.83999999999999,109.71999999999998,4.960000000000008,3.0800000000000125,True,1.8799999999999955,106.8,107.83999999999999,109.73000000000002,1.039999999999992,2.930000000000021,False,1.890000000000029,0.569,0.5212666666666667,0.5241666666666667,0.047733333333333294,0.04483333333333328,True,0.0029000000000000137,0.603,0.5561999999999999,0.5595666666666667,0.046800000000000064,0.043433333333333324,True,0.00336666666666674
2018-19,2019-20,Toronto Raptors,33.8,32.00666666666667,34.10333333333334,1.7933333333333294,0.30333333333334167,True,2.096666666666671,100.51,100.66033333333336,100.79466666666667,0.15033333333335008,0.2846666666666664,False,0.13433333333331632,112.6,109.71999999999998,109.98333333333333,2.8800000000000097,2.61666666666666,True,0.26333333333334963,106.8,109.73000000000002,110.15333333333334,2.930000000000021,3.353333333333339,False,0.4233333333333178,0.543,0.5241666666666667,0.5283333333333333,0.01883333333333337,0.014666666666666717,True,0.004166666666666652,0.579,0.5595666666666667,0.5642666666666667,0.019433333333333302,0.014733333333333265,True,0.0047000000000000375
2019-20,2020-21,Los Angeles Lakers,31.6,34.10333333333334,34.63666666666666,2.5033333333333374,3.0366666666666617,False,0.5333333333333243,101.2,100.79466666666667,99.75,0.4053333333333313,1.4500000000000028,False,-1.0446666666666715,111.7,109.98333333333333,111.71333333333332,1.7166666666666686,0.013333333333321207,True,1.7299999999999898,106.1,110.15333333333334,111.69666666666669,4.053333333333342,5.596666666666692,False,1.5433333333333508,0.542,0.5283333333333333,0.5379333333333334,0.013666666666666716,0.004066666666666663,True,0.009600000000000053,0.573,0.5642666666666667,0.5718,0.00873333333333326,0.0011999999999999789,True,0.007533333333333281
2020-21,2021-22,Milwaukee Bucks,37.1,34.63666666666666,35.17999999999999,2.4633333333333383,1.9200000000000088,True,0.5433333333333294,102.85,99.75,98.75433333333335,3.0999999999999943,4.095666666666645,False,-0.9956666666666507,116.5,111.71333333333332,111.38333333333331,4.786666666666676,5.1166666666666885,False,-0.3300000000000125,110.7,111.69666666666669,111.36,0.9966666666666839,0.6599999999999966,True,-0.3366666666666873,0.566,0.5379333333333334,0.5317333333333333,0.028066666666666573,0.03426666666666667,False,-0.006200000000000094,0.593,0.5718,0.5661666666666666,0.021199999999999997,0.026833333333333376,False,-0.005633333333333379
2021-22,2022-23,Golden State Warriors,39.4,35.17999999999999,34.20666666666667,4.220000000000006,5.193333333333328,False,-0.9733333333333221,98.74,98.75433333333335,99.79166666666666,0.014333333333354403,1.0516666666666623,False,1.037333333333308,112.1,111.38333333333331,114.07666666666665,0.7166666666666828,1.9766666666666595,False,2.6933333333333422,106.6,111.36,114.07,4.760000000000005,7.469999999999999,False,2.7099999999999937,0.552,0.5317333333333333,0.5454666666666665,0.020266666666666766,0.006533333333333502,True,0.013733333333333264,0.582,0.5661666666666666,0.5815,0.015833333333333366,0.0004999999999999449,True,0.015333333333333421
2022-23,2023-24,Denver Nuggets,31.2,34.20666666666667,35.10666666666667,3.0066666666666713,3.90666666666667,False,0.8999999999999986,98.74,99.79166666666666,99.14966666666668,1.0516666666666623,0.4096666666666806,True,-0.6419999999999817,116.8,114.07666666666665,114.54666666666667,2.7233333333333434,2.2533333333333303,True,0.4700000000000131,113.5,114.07,114.51666666666667,0.5699999999999932,1.0166666666666657,False,0.44666666666667254,0.573,0.5454666666666665,0.5465,0.02753333333333341,0.026499999999999968,True,0.0010333333333334416,0.601,0.5815,0.5799666666666667,0.019499999999999962,0.021033333333333237,False,-0.0015333333333332755
2023-24,2024-25,Boston Celtics,42.5,35.10666666666667,37.58333333333333,7.393333333333331,4.916666666666671,True,2.4766666666666595,97.98,99.14966666666668,99.57966666666667,1.1696666666666715,1.5996666666666641,False,0.4299999999999926,122.2,114.54666666666667,113.68,7.653333333333336,8.519999999999996,False,-0.86666666666666,110.6,114.51666666666667,113.68333333333334,3.9166666666666714,3.083333333333343,True,-0.8333333333333286,0.578,0.5465,0.5430333333333334,0.03149999999999997,0.03496666666666659,False,-0.003466666666666618,0.609,0.5799666666666667,0.5762,0.029033333333333244,0.03279999999999994,False,-0.003766666666666696
