team,rank_on_team,player_name,tier,GP,total_min,PTS,REB,AST,STL,BLK,TOV,composite_score,within_season_pct,potential_score
Atlanta Hawks,1,Trae Young,Star,76,2739,24.2,3.1,11.6,1.2,0.2,4.7,0.6259,95.2,0.5633
Atlanta Hawks,2,Dyson Daniels,Starter,76,2571,14.1,5.9,4.4,3.0,0.7,2.0,0.5022,70.4,0.452
Atlanta Hawks,3,Onyeka Okongwu,Starter,74,2064,13.4,8.9,2.3,0.9,0.9,1.2,0.5496,81.9,0.4946
Atlanta Hawks,4,Zaccharie Risacher,Role Player,75,1843,12.6,3.6,1.2,0.7,0.5,1.2,0.4072,32.5,0.3665
Atlanta Hawks,5,Georges Niang,Fringe,79,1697,9.9,3.4,1.4,0.4,0.2,1.0,0.3896,25.6,0.3507
Atlanta Hawks,6,Caris LeVert,Role Player,64,1596,12.1,3.2,3.4,0.9,0.5,1.2,0.465,55.2,0.4185
Atlanta Hawks,7,Terance Mann,Fringe,67,1414,7.7,3.0,1.8,0.7,0.2,0.7,0.376,20.0,0.3384
Atlanta Hawks,8,Jalen Johnson,Star,36,1284,18.9,10.0,5.0,1.6,1.0,2.9,0.5842,90.4,0.5258
Atlanta Hawks,9,Clint Capela,Starter,55,1176,8.9,8.5,1.1,0.6,1.0,0.9,0.5565,84.5,0.5009
Atlanta Hawks,10,Vít Krejčí,Role Player,57,1153,7.2,2.7,2.6,0.6,0.5,0.9,0.4088,33.3,0.3679
Boston Celtics,1,Jayson Tatum,Star,72,2624,26.8,8.7,6.0,1.1,0.5,2.9,0.6423,96.3,0.5781
Boston Celtics,2,Derrick White,Role Player,76,2574,16.4,4.5,4.8,0.9,1.1,1.7,0.4734,58.4,0.426
Boston Celtics,3,Payton Pritchard,Role Player,80,2271,14.3,3.8,3.5,0.9,0.2,1.0,0.4557,50.9,0.4101
Boston Celtics,4,Jaylen Brown,Starter,63,2158,22.2,5.8,4.5,1.2,0.3,2.6,0.5362,77.9,0.4826
Boston Celtics,5,Jrue Holiday,Role Player,62,1896,11.1,4.3,3.9,1.1,0.4,1.2,0.4095,34.1,0.3685
Boston Celtics,6,Al Horford,Role Player,60,1659,9.0,6.2,2.1,0.6,0.8,0.8,0.413,36.5,0.3717
Boston Celtics,7,Sam Hauser,Fringe,71,1541,8.5,3.2,0.9,0.6,0.2,0.3,0.3532,10.9,0.3179
Boston Celtics,8,Luke Kornet,Starter,73,1361,6.0,5.3,1.6,0.5,1.0,0.4,0.4848,62.7,0.4363
Boston Celtics,9,Kristaps Porziņģis,Star,42,1210,19.5,6.8,2.1,0.7,1.5,1.3,0.5807,90.1,0.5226
Boston Celtics,10,Neemias Queta,Role Player,62,863,5.0,3.8,0.7,0.3,0.7,0.6,0.4458,47.5,0.4012
Brooklyn Nets,1,Jalen Wilson,Fringe,79,2031,9.5,3.4,1.8,0.5,0.1,1.0,0.3394,7.5,0.3055
Brooklyn Nets,2,Keon Johnson,Role Player,79,1925,10.6,3.8,2.2,1.0,0.4,1.5,0.4197,39.7,0.3778
Brooklyn Nets,3,Nic Claxton,Starter,70,1882,10.3,7.4,2.2,0.9,1.4,1.2,0.4975,68.0,0.4477
Brooklyn Nets,4,Cameron Johnson,Starter,57,1800,18.8,4.3,3.4,0.9,0.4,1.7,0.4803,60.5,0.4323
Brooklyn Nets,5,Ziaire Williams,Role Player,63,1541,10.0,4.6,1.3,1.0,0.4,1.1,0.4055,32.0,0.365
Brooklyn Nets,6,D'Angelo Russell,Starter,58,1480,12.6,2.8,5.1,1.0,0.4,1.9,0.5,69.1,0.45
Brooklyn Nets,7,Tyrese Martin,Fringe,60,1315,8.7,3.6,2.0,0.6,0.1,1.2,0.3929,27.7,0.3536
Brooklyn Nets,8,Noah Clowney,Fringe,46,1042,9.1,3.9,0.9,0.5,0.5,1.0,0.3676,16.8,0.3308
Brooklyn Nets,9,Trendon Watford,Role Player,44,913,10.2,3.6,2.6,0.6,0.3,1.9,0.461,53.6,0.4149
Brooklyn Nets,10,Day'Ron Sharpe,Star,50,907,7.9,6.6,1.8,0.8,0.8,1.3,0.5868,90.7,0.5281
Charlotte Hornets,1,Miles Bridges,Starter,64,2029,20.3,7.5,3.9,0.7,0.7,2.1,0.5713,87.7,0.5142
Charlotte Hornets,2,Josh Green,Fringe,68,1888,7.4,2.5,1.6,1.1,0.2,1.0,0.2798,1.3,0.2518
Charlotte Hornets,3,LaMelo Ball,Star,47,1505,25.2,4.9,7.4,1.1,0.3,3.6,0.654,97.1,0.5886
Charlotte Hornets,4,Nick Smith Jr.,Fringe,60,1369,9.8,2.1,2.4,0.3,0.1,1.4,0.3569,13.3,0.3212
Charlotte Hornets,5,Tidjane Salaün,Fringe,60,1244,5.9,4.7,1.2,0.5,0.2,1.0,0.3592,14.1,0.3232
Charlotte Hornets,6,Moussa Diabaté,Role Player,71,1241,5.7,6.2,0.8,0.6,0.6,0.9,0.4745,58.9,0.427
Charlotte Hornets,7,Mark Williams,Star,44,1171,15.2,10.2,2.5,0.7,1.2,1.6,0.638,95.7,0.5742
Charlotte Hornets,8,DaQuan Jeffries,Fringe,47,1071,6.7,2.9,1.1,0.6,0.5,0.7,0.3089,2.9,0.278
Charlotte Hornets,9,Jusuf Nurkić,Starter,51,1063,8.9,7.8,2.3,0.8,0.7,1.9,0.5674,86.1,0.5106
Charlotte Hornets,10,Seth Curry,Fringe,68,1062,6.5,1.7,0.9,0.4,0.1,0.5,0.3429,8.8,0.3086
Chicago Bulls,1,Coby White,Starter,74,2450,20.4,3.7,4.5,0.9,0.2,2.4,0.4812,61.3,0.4331
Chicago Bulls,2,Nikola Vučević,Star,73,2278,18.5,10.1,3.5,0.8,0.7,1.6,0.6081,93.3,0.5473
Chicago Bulls,3,Josh Giddey,Star,70,2117,14.6,8.1,7.2,1.2,0.6,2.9,0.6241,94.7,0.5617
Chicago Bulls,4,Kevin Huerter,Fringe,69,1679,9.9,3.0,2.3,1.0,0.3,1.0,0.3923,27.2,0.3531
Chicago Bulls,5,Patrick Williams,Fringe,63,1576,9.0,3.8,2.0,0.8,0.5,1.4,0.3703,17.9,0.3333
Chicago Bulls,6,Matas Buzelis,Role Player,80,1511,8.6,3.5,1.0,0.4,0.9,0.9,0.428,42.7,0.3852
Chicago Bulls,7,Ayo Dosunmu,Role Player,46,1394,12.3,3.5,4.5,0.9,0.4,1.5,0.4242,41.6,0.3818
Chicago Bulls,8,Julian Phillips,Fringe,79,1123,4.6,2.1,0.5,0.5,0.3,0.3,0.3326,6.1,0.2993
Chicago Bulls,9,Dalen Terry,Fringe,73,987,4.5,1.7,1.3,0.6,0.2,0.7,0.3669,16.5,0.3303
Chicago Bulls,10,Zach Collins,Starter,64,977,6.4,4.5,1.7,0.5,0.5,0.9,0.5211,74.9,0.469
Cleveland Cavaliers,1,Darius Garland,Starter,75,2301,20.6,2.9,6.7,1.2,0.1,2.5,0.5694,86.9,0.5124
Cleveland Cavaliers,2,Jarrett Allen,Starter,82,2296,13.5,9.7,1.9,0.9,0.9,1.2,0.557,84.8,0.5013
Cleveland Cavaliers,3,Donovan Mitchell,Star,71,2232,24.0,4.5,5.0,1.3,0.2,2.1,0.6002,92.8,0.5402
Cleveland Cavaliers,4,Evan Mobley,Star,71,2167,18.5,9.3,3.2,0.9,1.6,2.0,0.6157,94.4,0.5541
Cleveland Cavaliers,5,De'Andre Hunter,Role Player,64,1740,17.0,4.0,1.4,0.8,0.2,1.3,0.451,49.1,0.4059
Cleveland Cavaliers,6,Sam Merrill,Fringe,71,1401,7.2,2.2,1.5,0.7,0.2,0.5,0.3563,12.8,0.3207
Cleveland Cavaliers,7,Ty Jerome,Starter,70,1392,12.5,2.5,3.4,1.1,0.0,1.3,0.5486,81.6,0.4937
Cleveland Cavaliers,8,Max Strus,Role Player,50,1273,9.4,4.3,3.2,0.5,0.2,1.1,0.4138,37.6,0.3724
Cleveland Cavaliers,9,Javonte Green,Fringe,68,1258,5.1,3.2,0.8,1.0,0.5,0.5,0.3545,11.2,0.3191
Cleveland Cavaliers,10,Dean Wade,Fringe,59,1253,5.4,4.2,1.3,0.7,0.3,0.4,0.3563,12.5,0.3207
Dallas Mavericks,1,Spencer Dinwiddie,Role Player,79,2136,11.0,2.6,4.4,0.9,0.2,1.3,0.4241,41.3,0.3817
Dallas Mavericks,2,Max Christie,Fringe,78,2127,9.6,3.3,1.9,0.8,0.4,1.1,0.3406,8.0,0.3066
Dallas Mavericks,3,Klay Thompson,Role Player,72,1965,14.0,3.4,2.0,0.7,0.4,1.2,0.4105,35.2,0.3694
Dallas Mavericks,4,Naji Marshall,Role Player,69,1919,13.2,4.8,3.0,1.0,0.2,1.6,0.4497,48.3,0.4047
Dallas Mavericks,5,P.J. Washington,Role Player,57,1835,14.7,7.8,2.3,1.1,1.1,2.1,0.4726,58.1,0.4253
Dallas Mavericks,6,Kyrie Irving,Starter,50,1804,24.7,4.8,4.6,1.3,0.5,2.2,0.5353,77.3,0.4818
Dallas Mavericks,7,Anthony Davis,Superstar,51,1705,24.7,11.6,3.5,1.2,2.2,2.2,0.7167,98.7,0.645
Dallas Mavericks,8,Daniel Gafford,Star,57,1226,12.3,6.8,1.4,0.4,1.8,1.2,0.5993,92.3,0.5393
Dallas Mavericks,9,Caleb Martin,Fringe,45,1218,7.9,3.9,2.1,1.0,0.5,1.2,0.3467,9.6,0.312
Dallas Mavericks,10,Jaden Hardy,Role Player,57,907,8.7,1.6,1.4,0.5,0.1,1.4,0.3984,30.1,0.3585
Denver Nuggets,1,Christian Braun,Role Player,79,2675,15.4,5.2,2.6,1.1,0.5,1.0,0.4173,38.9,0.3756
Denver Nuggets,2,Michael Porter Jr.,Role Player,77,2593,18.2,7.0,2.1,0.6,0.5,1.4,0.4629,54.4,0.4166
Denver Nuggets,3,Nikola Jokić,Superstar,70,2571,29.6,12.7,10.2,1.8,0.6,3.3,0.75,99.9,0.675
Denver Nuggets,4,Jamal Murray,Starter,67,2418,21.4,3.9,6.0,1.4,0.5,2.1,0.5174,73.9,0.4656
Denver Nuggets,5,Russell Westbrook,Starter,75,2092,13.3,4.9,6.1,1.4,0.5,3.2,0.5445,80.3,0.49
Denver Nuggets,6,Peyton Watson,Fringe,68,1656,8.1,3.4,1.4,0.7,1.4,0.8,0.3723,18.4,0.3351
Denver Nuggets,7,Aaron Gordon,Role Player,51,1447,14.7,4.8,3.2,0.5,0.3,1.4,0.4602,53.3,0.4142
Denver Nuggets,8,Julian Strawther,Fringe,65,1384,9.0,2.2,1.3,0.6,0.2,0.9,0.3482,9.9,0.3133
Denver Nuggets,9,DeAndre Jordan,Starter,56,691,3.7,5.1,0.9,0.3,0.5,0.7,0.5192,74.4,0.4673
Denver Nuggets,10,Jalen Pickett,Fringe,49,666,4.1,1.4,2.2,0.4,0.1,0.5,0.3824,23.2,0.3442
Detroit Pistons,1,Cade Cunningham,Star,70,2452,26.1,6.1,9.1,1.0,0.8,4.4,0.6736,98.1,0.6063
Detroit Pistons,2,Tobias Harris,Role Player,73,2305,13.7,5.9,2.2,1.0,0.8,1.2,0.4316,44.3,0.3885
Detroit Pistons,3,Malik Beasley,Role Player,82,2283,16.3,2.6,1.7,0.9,0.1,1.0,0.4088,33.6,0.3679
Detroit Pistons,4,Tim Hardaway Jr.,Fringe,77,2153,11.0,2.4,1.6,0.5,0.1,0.6,0.3125,3.5,0.2813
Detroit Pistons,5,Dennis Schröder,Role Player,75,2105,13.1,2.6,5.4,0.9,0.2,1.9,0.4589,52.3,0.413
Detroit Pistons,6,Jalen Duren,Star,78,2034,11.8,10.3,2.7,0.7,1.1,1.7,0.5987,91.7,0.5388
Detroit Pistons,7,Isaiah Stewart,Role Player,72,1434,6.0,5.5,1.7,0.4,1.4,0.9,0.4706,56.8,0.4236
Detroit Pistons,8,Ausar Thompson,Starter,59,1328,10.1,5.1,2.3,1.7,0.7,1.4,0.5192,74.7,0.4673
Detroit Pistons,9,Ronald Holland II,Fringe,81,1266,6.4,2.7,1.0,0.6,0.2,0.9,0.3952,28.5,0.3557
Detroit Pistons,10,Simone Fontecchio,Fringe,75,1237,5.9,2.9,0.9,0.4,0.2,0.7,0.3546,11.5,0.3192
Golden State Warriors,1,Stephen Curry,Star,70,2252,24.5,4.4,6.0,1.1,0.4,2.9,0.6099,93.9,0.5489
Golden State Warriors,2,Draymond Green,Starter,68,1983,9.0,6.1,5.6,1.5,1.0,2.6,0.4989,68.8,0.449
Golden State Warriors,3,Buddy Hield,Role Player,82,1863,11.1,3.2,1.6,0.8,0.3,1.1,0.4158,38.7,0.3742
Golden State Warriors,4,Jimmy Butler III,Starter,55,1746,17.5,5.4,5.4,1.4,0.3,1.3,0.5512,82.9,0.4961
Golden State Warriors,5,Brandin Podziemski,Role Player,64,1716,11.7,5.1,3.4,1.1,0.2,1.2,0.4719,57.6,0.4247
Golden State Warriors,6,Moses Moody,Fringe,74,1649,9.8,2.6,1.3,0.8,0.4,0.7,0.3766,20.3,0.3389
Golden State Warriors,7,Jonathan Kuminga,Starter,47,1144,15.3,4.6,2.2,0.8,0.4,1.5,0.5179,74.1,0.4661
Golden State Warriors,8,Kevon Looney,Starter,76,1142,4.5,6.1,1.6,0.6,0.5,0.5,0.5562,83.7,0.5006
Golden State Warriors,9,Trayce Jackson-Davis,Starter,62,967,6.6,5.0,1.7,0.4,0.6,0.7,0.5444,80.0,0.4899
Golden State Warriors,10,Gary Payton II,Role Player,62,927,6.5,3.0,1.3,0.8,0.3,0.6,0.4672,55.7,0.4205
Houston Rockets,1,Jalen Green,Starter,82,2697,21.0,4.6,3.4,0.9,0.3,2.5,0.4835,61.6,0.4352
Houston Rockets,2,Alperen Sengun,Star,76,2395,19.1,10.3,4.9,1.1,0.8,2.6,0.6511,96.8,0.586
Houston Rockets,3,Dillon Brooks,Fringe,75,2388,14.0,3.7,1.7,0.8,0.2,1.0,0.3549,11.7,0.3194
Houston Rockets,4,Amen Thompson,Starter,69,2225,14.1,8.2,3.8,1.4,1.3,2.0,0.528,76.3,0.4752
Houston Rockets,5,Fred VanVleet,Role Player,60,2111,14.1,3.7,5.5,1.6,0.4,1.4,0.4362,46.1,0.3926
Houston Rockets,6,Jabari Smith Jr.,Role Player,57,1716,12.2,7.0,1.1,0.4,0.7,1.1,0.4034,31.2,0.3631
Houston Rockets,7,Tari Eason,Starter,57,1420,12.0,6.4,1.5,1.7,0.9,1.1,0.5212,75.2,0.4691
Houston Rockets,8,Cam Whitmore,Role Player,51,827,9.4,3.0,1.0,0.6,0.3,0.9,0.4686,56.5,0.4217
Houston Rockets,9,Steven Adams,Starter,58,794,3.9,5.6,1.1,0.4,0.5,0.9,0.5134,72.5,0.4621
Houston Rockets,10,Aaron Holiday,Fringe,62,792,5.5,1.3,1.3,0.3,0.2,0.6,0.3816,22.1,0.3435
Indiana Pacers,1,Pascal Siakam,Starter,78,2548,20.2,6.9,3.4,0.9,0.5,1.4,0.5404,78.9,0.4864
Indiana Pacers,2,Tyrese Haliburton,Star,73,2450,18.6,3.5,9.2,1.4,0.7,1.6,0.6042,93.1,0.5438
Indiana Pacers,3,Myles Turner,Starter,72,2174,15.6,6.5,1.5,0.8,2.0,1.7,0.4889,64.8,0.4401
Indiana Pacers,4,Bennedict Mathurin,Role Player,72,2149,16.1,5.3,1.9,0.7,0.3,1.9,0.4325,44.8,0.3892
Indiana Pacers,5,Andrew Nembhard,Role Player,65,1881,10.0,3.3,5.0,1.2,0.2,1.7,0.4185,39.2,0.3766
Indiana Pacers,6,Obi Toppin,Starter,79,1545,10.5,4.0,1.6,0.6,0.4,0.9,0.4879,64.5,0.4391
Indiana Pacers,7,T.J. McConnell,Starter,79,1415,9.1,2.4,4.4,1.1,0.3,1.4,0.579,89.6,0.5211
Indiana Pacers,8,Ben Sheppard,Fringe,63,1230,5.3,2.8,1.3,0.6,0.2,0.3,0.3284,5.1,0.2956
Indiana Pacers,9,Jarace Walker,Role Player,75,1187,6.1,3.1,1.5,0.7,0.3,1.0,0.4305,43.7,0.3875
Indiana Pacers,10,Aaron Nesmith,Role Player,45,1122,12.0,4.0,1.2,0.8,0.4,0.8,0.4074,32.8,0.3666
LA Clippers,1,James Harden,Star,79,2789,22.8,5.8,8.7,1.5,0.7,4.3,0.6243,94.9,0.5618
LA Clippers,2,Ivica Zubac,Star,80,2624,16.8,12.6,2.7,0.7,1.1,1.6,0.5934,91.2,0.534
LA Clippers,3,Norman Powell,Role Player,60,1958,21.8,3.2,2.1,1.2,0.1,1.8,0.4468,47.7,0.4021
LA Clippers,4,Derrick Jones Jr.,Fringe,77,1873,10.1,3.4,0.8,1.0,0.4,0.9,0.3648,15.7,0.3283
LA Clippers,5,Kris Dunn,Fringe,74,1783,6.4,3.4,2.8,1.7,0.4,1.0,0.3941,28.3,0.3547
LA Clippers,6,Amir Coffey,Fringe,72,1748,9.7,2.2,1.1,0.6,0.1,0.6,0.3122,3.2,0.281
LA Clippers,7,Nicolas Batum,Fringe,78,1367,4.0,2.8,1.1,0.7,0.5,0.4,0.3303,5.9,0.2972
LA Clippers,8,Bogdan Bogdanović,Fringe,54,1348,10.8,2.9,2.7,0.8,0.2,1.4,0.3955,28.8,0.356
LA Clippers,9,Kawhi Leonard,Starter,37,1180,21.5,5.9,3.1,1.6,0.5,1.9,0.5526,83.5,0.4973
LA Clippers,10,Ben Simmons,Starter,51,1120,5.0,4.7,5.6,0.7,0.5,2.0,0.4933,66.9,0.444
Los Angeles Lakers,1,Austin Reaves,Starter,73,2550,20.2,4.5,5.8,1.1,0.3,2.4,0.5084,72.0,0.4576
Los Angeles Lakers,2,LeBron James,Star,70,2444,24.4,7.8,8.2,1.0,0.6,3.7,0.6678,97.6,0.601
Los Angeles Lakers,3,Rui Hachimura,Fringe,59,1869,13.1,5.0,1.4,0.8,0.4,0.8,0.3707,18.1,0.3336
Los Angeles Lakers,4,Dorian Finney-Smith,Fringe,63,1819,8.7,3.9,1.4,0.9,0.4,0.9,0.3166,3.7,0.2849
Los Angeles Lakers,5,Luka Dončić,Star,50,1769,28.2,8.2,7.7,1.8,0.4,3.6,0.7149,98.4,0.6435
Los Angeles Lakers,6,Gabe Vincent,Fringe,72,1527,6.4,1.3,1.4,0.7,0.2,0.6,0.2801,1.6,0.252
Los Angeles Lakers,7,Dalton Knecht,Fringe,78,1494,9.1,2.8,0.8,0.3,0.1,0.5,0.3732,18.9,0.3359
Los Angeles Lakers,8,Jaxson Hayes,Role Player,56,1093,6.8,4.8,1.0,0.6,0.9,0.8,0.433,45.3,0.3897
Los Angeles Lakers,9,Shake Milton,Fringe,57,836,5.5,1.8,1.8,0.4,0.1,0.7,0.3873,24.8,0.3486
Los Angeles Lakers,10,Maxi Kleber,Fringe,34,637,3.0,2.8,1.3,0.3,0.5,0.7,0.2754,1.1,0.2478
Memphis Grizzlies,1,Kentavious Caldwell-Pope,Fringe,77,2279,8.7,2.2,1.8,1.3,0.4,0.8,0.2964,2.4,0.2668
Memphis Grizzlies,2,Jaren Jackson Jr.,Starter,74,2207,22.2,5.6,2.0,1.2,1.5,2.1,0.5782,89.3,0.5204
Memphis Grizzlies,3,Jaylen Wells,Fringe,79,2044,10.4,3.4,1.7,0.6,0.1,0.9,0.3531,10.7,0.3178
Memphis Grizzlies,4,Scotty Pippen Jr.,Starter,79,1683,9.9,3.3,4.4,1.3,0.4,1.7,0.5376,78.1,0.4838
Memphis Grizzlies,5,Santi Aldama,Starter,65,1660,12.5,6.4,2.9,0.8,0.4,1.1,0.5221,75.5,0.4699
Memphis Grizzlies,6,Ja Morant,Star,50,1519,23.2,4.1,7.3,1.2,0.2,3.7,0.6384,96.0,0.5746
Memphis Grizzlies,7,Luke Kennard,Role Player,65,1472,8.9,2.8,3.3,0.8,0.1,1.1,0.4157,38.4,0.3741
Memphis Grizzlies,8,Zach Edey,Starter,66,1416,9.2,8.3,1.0,0.5,1.3,1.3,0.5502,82.7,0.4952
Memphis Grizzlies,9,Cole Anthony,Starter,67,1234,9.4,3.0,2.9,0.7,0.5,1.5,0.5066,71.5,0.456
Memphis Grizzlies,10,Brandon Clarke,Starter,64,1207,8.3,5.1,1.0,0.8,0.6,0.6,0.4893,65.1,0.4404
Miami Heat,1,Tyler Herro,Starter,77,2725,23.9,5.2,5.5,0.9,0.2,2.6,0.5437,79.7,0.4893
Miami Heat,2,Bam Adebayo,Starter,78,2674,18.1,9.6,4.3,1.3,0.7,2.1,0.5674,86.4,0.5107
Miami Heat,3,Davion Mitchell,Fringe,74,2027,7.9,2.3,4.9,1.0,0.2,1.7,0.3731,18.7,0.3358
Miami Heat,4,Andrew Wiggins,Role Player,60,1842,18.0,4.5,2.6,1.0,0.8,1.6,0.4778,59.7,0.43
Miami Heat,5,Haywood Highsmith,Fringe,74,1818,6.5,3.4,1.5,0.9,0.5,0.7,0.3238,4.8,0.2915
Miami Heat,6,Duncan Robinson,Fringe,74,1786,11.0,2.3,2.4,0.5,0.1,1.2,0.3742,19.2,0.3368
Miami Heat,7,Terry Rozier,Fringe,64,1658,10.6,3.7,2.6,0.6,0.2,1.2,0.3923,27.5,0.3531
Miami Heat,8,Kel'el Ware,Starter,64,1422,9.3,7.4,0.9,0.6,1.1,0.9,0.5096,72.3,0.4586
Miami Heat,9,Jaime Jaquez Jr.,Role Player,66,1368,8.6,4.4,2.5,0.9,0.2,1.5,0.4666,55.5,0.4199
Miami Heat,10,Nikola Jović,Role Player,46,1156,10.7,3.9,2.8,0.8,0.3,1.3,0.4277,42.1,0.3849
Milwaukee Bucks,1,Brook Lopez,Role Player,80,2546,13.0,5.0,1.8,0.6,1.9,1.1,0.409,33.9,0.3681
Milwaukee Bucks,2,Giannis Antetokounmpo,Superstar,67,2289,30.4,11.9,6.5,0.9,1.2,3.1,0.75,99.9,0.675
Milwaukee Bucks,3,Taurean Prince,Fringe,80,2166,8.2,3.6,1.9,0.9,0.2,1.0,0.3285,5.3,0.2957
Milwaukee Bucks,4,Damian Lillard,Starter,58,2093,24.9,4.7,7.1,1.2,0.2,2.8,0.578,88.8,0.5202
Milwaukee Bucks,5,Kyle Kuzma,Role Player,65,1936,14.8,5.7,2.3,0.6,0.3,2.2,0.4273,41.9,0.3846
Milwaukee Bucks,6,Gary Trent Jr.,Fringe,74,1893,11.1,2.3,1.2,1.0,0.1,0.6,0.3403,7.7,0.3062
Milwaukee Bucks,7,AJ Green,Fringe,73,1659,7.4,2.4,1.5,0.5,0.1,0.5,0.308,2.7,0.2772
Milwaukee Bucks,8,Kevin Porter Jr.,Starter,75,1482,10.3,3.7,3.4,1.1,0.2,1.8,0.5376,78.4,0.4838
Milwaukee Bucks,9,Bobby Portis,Starter,49,1244,13.9,8.4,2.1,0.7,0.5,1.2,0.5714,88.0,0.5143
Milwaukee Bucks,10,Andre Jackson Jr.,Fringe,67,980,3.4,2.7,1.2,0.5,0.2,0.9,0.3415,8.5,0.3074
Minnesota Timberwolves,1,Anthony Edwards,Starter,79,2871,27.6,5.7,4.5,1.2,0.6,3.2,0.5689,86.7,0.512
Minnesota Timberwolves,2,Jaden McDaniels,Role Player,82,2614,12.2,5.7,2.0,1.3,0.9,1.2,0.4096,34.7,0.3687
Minnesota Timberwolves,3,Rudy Gobert,Starter,72,2388,12.0,10.9,1.8,0.8,1.4,1.2,0.4851,63.2,0.4366
Minnesota Timberwolves,4,Julius Randle,Starter,69,2226,18.7,7.1,4.7,0.7,0.2,2.8,0.5305,76.8,0.4775
Minnesota Timberwolves,5,Naz Reid,Starter,80,2200,14.2,6.0,2.3,0.7,0.9,1.4,0.4933,67.2,0.444
Minnesota Timberwolves,6,Nickeil Alexander-Walker,Fringe,82,2073,9.4,3.2,2.7,0.6,0.4,1.2,0.3805,21.9,0.3425
Minnesota Timberwolves,7,Mike Conley,Role Player,71,1756,8.2,2.6,4.5,1.1,0.2,1.1,0.4232,40.8,0.3809
Minnesota Timberwolves,8,Donte DiVincenzo,Role Player,62,1606,11.7,3.7,3.6,1.2,0.3,1.6,0.4574,51.7,0.4117
Minnesota Timberwolves,9,Jaylen Clark,Fringe,40,522,4.1,1.3,0.7,0.9,0.1,0.2,0.3301,5.6,0.297
Minnesota Timberwolves,10,Rob Dillingham,Role Player,49,516,4.5,1.0,2.0,0.4,0.0,1.1,0.4296,43.5,0.3866
New Orleans Pelicans,1,Yves Missi,Role Player,73,1956,9.1,8.2,1.4,0.5,1.3,1.1,0.4593,52.8,0.4134
New Orleans Pelicans,2,Trey Murphy III,Starter,53,1854,21.2,5.1,3.5,1.1,0.7,1.9,0.4911,66.1,0.442
New Orleans Pelicans,3,CJ McCollum,Starter,56,1832,21.1,3.8,4.1,0.8,0.4,1.9,0.4965,67.7,0.4469
New Orleans Pelicans,4,Jose Alvarado,Role Player,56,1366,10.3,2.4,4.6,1.3,0.2,1.5,0.4679,56.3,0.4211
New Orleans Pelicans,5,Jordan Hawkins,Fringe,56,1320,10.8,2.8,1.2,0.5,0.4,1.0,0.3637,14.9,0.3273
New Orleans Pelicans,6,Jeremiah Robinson-Earl,Role Player,66,1239,6.3,4.8,1.3,0.6,0.1,0.8,0.4149,37.9,0.3734
New Orleans Pelicans,7,Dejounte Murray,Star,31,1012,17.5,6.5,7.4,2.0,0.4,3.4,0.5988,92.0,0.539
New Orleans Pelicans,8,Brandon Boston,Role Player,42,993,10.7,3.2,2.2,1.3,0.2,1.2,0.4224,40.3,0.3801
New Orleans Pelicans,9,Bruce Brown,Role Player,41,922,8.3,4.0,2.0,0.8,0.2,1.0,0.4052,31.7,0.3646
New Orleans Pelicans,10,Kelly Olynyk,Starter,44,891,8.7,4.7,2.9,0.8,0.4,1.7,0.5012,70.1,0.451
New York Knicks,1,Mikal Bridges,Fringe,82,3036,17.6,3.2,3.7,0.9,0.5,1.6,0.3917,26.9,0.3526
New York Knicks,2,Josh Hart,Starter,77,2897,13.6,9.6,5.9,1.5,0.4,2.1,0.5041,71.2,0.4537
New York Knicks,3,OG Anunoby,Role Player,74,2706,18.0,4.8,2.2,1.5,0.9,1.4,0.419,39.5,0.3771
New York Knicks,4,Karl-Anthony Towns,Star,72,2517,24.4,12.8,3.1,1.0,0.7,2.7,0.6488,96.5,0.5839
New York Knicks,5,Jalen Brunson,Starter,65,2301,26.0,2.9,7.3,0.9,0.1,2.5,0.5695,87.2,0.5125
New York Knicks,6,Miles McBride,Fringe,64,1593,9.5,2.5,2.9,1.0,0.3,0.6,0.3961,29.1,0.3565
New York Knicks,7,Precious Achiuwa,Role Player,57,1170,6.6,5.6,1.0,0.8,0.7,0.8,0.4337,45.6,0.3903
New York Knicks,8,Cameron Payne,Role Player,72,1090,6.9,1.4,2.8,0.5,0.2,0.7,0.4718,57.3,0.4246
New York Knicks,9,Landry Shamet,Fringe,50,762,5.7,1.2,0.5,0.5,0.0,0.4,0.2911,2.1,0.262
New York Knicks,10,Delon Wright,Fringe,40,635,3.1,1.6,1.9,0.9,0.3,0.6,0.3361,6.9,0.3025
Oklahoma City Thunder,1,Shai Gilgeous-Alexander,Superstar,76,2598,32.7,5.0,6.4,1.7,1.0,2.4,0.7319,98.9,0.6587
Oklahoma City Thunder,2,Jalen Williams,Star,69,2237,21.6,5.3,5.1,1.6,0.7,2.2,0.5891,90.9,0.5302
Oklahoma City Thunder,3,Luguentz Dort,Fringe,71,2073,10.1,4.1,1.6,1.1,0.5,0.7,0.3575,13.6,0.3218
Oklahoma City Thunder,4,Cason Wallace,Fringe,68,1876,8.4,3.4,2.5,1.8,0.5,0.9,0.3767,20.5,0.339
Oklahoma City Thunder,5,Aaron Wiggins,Role Player,76,1744,12.0,3.9,1.8,0.8,0.2,0.9,0.4521,49.9,0.4069
Oklahoma City Thunder,6,Isaiah Joe,Fringe,74,1604,10.2,2.6,1.6,0.6,0.1,0.5,0.3964,29.3,0.3568
Oklahoma City Thunder,7,Isaiah Hartenstein,Star,57,1590,11.2,10.7,3.8,0.8,1.1,1.7,0.6002,92.5,0.5402
Oklahoma City Thunder,8,Kenrich Williams,Role Player,69,1132,6.3,3.5,1.4,0.6,0.1,0.6,0.4324,44.5,0.3892
Oklahoma City Thunder,9,Alex Caruso,Starter,54,1041,7.1,2.9,2.5,1.6,0.6,0.7,0.4807,61.1,0.4326
Oklahoma City Thunder,10,Chet Holmgren,Starter,32,877,15.0,8.0,2.0,0.7,2.2,1.8,0.5792,89.9,0.5213
Orlando Magic,1,Desmond Bane,Starter,69,2205,19.2,6.1,5.3,1.2,0.4,2.4,0.5631,85.6,0.5068
Orlando Magic,2,Franz Wagner,Starter,60,2023,24.1,5.7,4.7,1.2,0.3,2.3,0.5781,89.1,0.5203
Orlando Magic,3,Anthony Black,Role Player,78,1887,9.4,2.9,3.1,1.1,0.6,1.8,0.4157,38.1,0.3741
Orlando Magic,4,Wendell Carter Jr.,Role Player,68,1758,9.1,7.2,2.0,0.8,0.6,1.1,0.454,50.1,0.4086
Orlando Magic,5,Tristan da Silva,Fringe,74,1629,7.2,3.3,1.5,0.4,0.2,0.8,0.3408,8.3,0.3067
Orlando Magic,6,Paolo Banchero,Star,46,1582,25.9,7.5,4.8,0.8,0.6,3.0,0.6098,93.6,0.5488
Orlando Magic,7,Goga Bitadze,Starter,70,1429,7.2,6.6,2.0,0.7,1.4,1.0,0.5385,78.7,0.4847
Orlando Magic,8,Jonathan Isaac,Starter,71,1090,5.4,4.4,0.6,0.9,1.1,0.5,0.4952,67.5,0.4457
Orlando Magic,9,Jalen Suggs,Starter,35,1002,16.2,4.0,3.7,1.5,0.9,2.9,0.5028,70.7,0.4525
Orlando Magic,10,Caleb Houstan,Fringe,58,788,4.1,1.3,0.6,0.4,0.1,0.2,0.2854,1.9,0.2568
Philadelphia 76ers,1,Kelly Oubre Jr.,Role Player,60,2078,15.1,6.1,1.8,1.5,0.5,1.3,0.4109,35.7,0.3698
Philadelphia 76ers,2,Quentin Grimes,Role Player,75,2013,14.6,4.3,3.0,1.0,0.3,1.9,0.4753,59.2,0.4278
Philadelphia 76ers,3,Tyrese Maxey,Starter,52,1960,26.3,3.3,6.1,1.8,0.4,2.4,0.5478,81.3,0.493
Philadelphia 76ers,4,Guerschon Yabusele,Role Player,70,1895,11.0,5.6,2.1,0.8,0.3,1.2,0.4238,41.1,0.3814
Philadelphia 76ers,5,Paul George,Starter,41,1334,16.2,5.3,4.3,1.8,0.5,2.6,0.4918,66.4,0.4426
Philadelphia 76ers,6,Ricky Council IV,Role Player,73,1250,7.3,2.9,1.3,0.4,0.2,0.7,0.4039,31.5,0.3635
Philadelphia 76ers,7,Justin Edwards,Fringe,44,1155,10.1,3.4,1.6,1.0,0.4,1.1,0.358,13.9,0.3222
Philadelphia 76ers,8,Jared Butler,Starter,60,1044,9.0,1.8,3.7,0.7,0.2,1.3,0.5139,72.8,0.4625
Philadelphia 76ers,9,Adem Bona,Role Player,58,905,5.8,4.2,0.5,0.4,1.2,1.1,0.4518,49.6,0.4067
Philadelphia 76ers,10,Eric Gordon,Fringe,39,769,6.8,1.2,1.7,0.7,0.3,0.7,0.3184,4.0,0.2866
Phoenix Suns,1,Devin Booker,Starter,75,2795,25.6,4.1,7.1,0.9,0.2,2.9,0.5498,82.1,0.4948
Phoenix Suns,2,Kevin Durant,Starter,62,2265,26.6,6.0,4.2,0.8,1.2,3.1,0.5602,85.1,0.5042
Phoenix Suns,3,Tyus Jones,Role Player,81,2174,10.2,2.4,5.3,0.9,0.1,1.1,0.4346,45.9,0.3912
Phoenix Suns,4,Royce O'Neale,Role Player,75,1837,9.1,4.7,2.2,0.9,0.4,0.9,0.4201,40.0,0.3781
Phoenix Suns,5,Bradley Beal,Role Player,53,1702,17.0,3.3,3.7,1.1,0.5,1.9,0.4422,47.2,0.398
Phoenix Suns,6,Grayson Allen,Fringe,64,1544,10.6,3.0,2.1,0.8,0.3,1.2,0.3972,29.6,0.3575
Phoenix Suns,7,Ryan Dunn,Fringe,74,1410,6.9,3.6,0.8,0.6,0.5,0.5,0.3827,23.5,0.3444
Phoenix Suns,8,Mason Plumlee,Starter,74,1300,4.5,6.1,1.8,0.4,0.6,0.8,0.4877,64.3,0.439
Phoenix Suns,9,Nick Richards,Starter,57,1256,9.3,8.2,0.9,0.2,1.0,1.4,0.5031,70.9,0.4528
Phoenix Suns,10,Cody Martin,Role Player,53,1173,6.8,4.2,2.0,1.1,0.6,1.0,0.4078,33.1,0.3671
Portland Trail Blazers,1,Toumani Camara,Fringe,78,2548,11.3,5.8,2.2,1.5,0.6,1.4,0.3903,26.1,0.3512
Portland Trail Blazers,2,Anfernee Simons,Role Player,70,2292,19.3,2.7,4.8,0.9,0.1,2.0,0.4602,53.1,0.4142
Portland Trail Blazers,3,Shaedon Sharpe,Role Player,72,2252,18.5,4.5,2.8,0.9,0.2,2.1,0.4546,50.4,0.4091
Portland Trail Blazers,4,Deni Avdija,Starter,72,2161,16.9,7.2,3.9,1.0,0.5,2.7,0.5426,79.2,0.4883
Portland Trail Blazers,5,Scoot Henderson,Role Player,66,1759,12.7,3.0,5.1,1.0,0.2,2.7,0.4673,56.0,0.4206
Portland Trail Blazers,6,Jerami Grant,Fringe,47,1524,14.4,3.5,2.1,0.9,1.0,1.4,0.3787,21.1,0.3408
Portland Trail Blazers,7,Donovan Clingan,Starter,67,1324,6.5,7.9,1.1,0.5,1.6,1.1,0.5477,81.1,0.4929
Portland Trail Blazers,8,Deandre Ayton,Starter,40,1206,14.4,10.2,1.6,0.8,1.0,1.7,0.5229,75.7,0.4706
Portland Trail Blazers,9,Dalano Banton,Role Player,67,1120,8.3,2.0,2.4,0.6,0.5,1.3,0.4713,57.1,0.4242
Portland Trail Blazers,10,Kris Murray,Fringe,69,1040,4.2,2.6,1.0,0.5,0.2,0.6,0.3443,9.1,0.3099
Sacramento Kings,1,DeMar DeRozan,Starter,77,2768,22.2,3.9,4.4,0.8,0.4,1.4,0.4841,62.4,0.4357
Sacramento Kings,2,Keegan Murray,Fringe,76,2610,12.4,6.7,1.4,0.8,0.9,0.8,0.3803,21.6,0.3422
Sacramento Kings,3,Zach LaVine,Starter,74,2603,23.3,4.3,4.2,0.8,0.2,2.8,0.4839,61.9,0.4355
Sacramento Kings,4,Domantas Sabonis,Star,70,2429,19.1,13.9,6.0,0.7,0.4,2.9,0.663,97.3,0.5967
Sacramento Kings,5,Malik Monk,Starter,65,2054,17.2,3.8,5.6,0.9,0.6,2.4,0.5002,69.3,0.4501
Sacramento Kings,6,Keon Ellis,Fringe,80,1948,8.3,2.6,1.5,1.5,0.8,0.9,0.3668,16.3,0.3301
Sacramento Kings,7,Jonas Valančiūnas,Star,81,1524,10.4,7.7,2.0,0.5,0.6,1.5,0.637,95.5,0.5733
Sacramento Kings,8,Trey Lyles,Role Player,69,1350,6.5,4.6,1.2,0.6,0.3,0.6,0.4059,32.3,0.3653
Sacramento Kings,9,Jake LaRavia,Role Player,66,1349,6.9,3.9,2.4,0.9,0.3,1.3,0.4277,42.4,0.385
San Antonio Spurs,1,Chris Paul,Starter,82,2292,8.8,3.6,7.4,1.3,0.3,1.6,0.4983,68.5,0.4485
San Antonio Spurs,2,De'Aaron Fox,Starter,62,2241,23.5,4.8,6.3,1.5,0.4,2.8,0.5564,84.3,0.5007
San Antonio Spurs,3,Harrison Barnes,Fringe,82,2230,12.3,3.8,1.7,0.5,0.2,0.6,0.3788,21.3,0.3409
San Antonio Spurs,4,Stephon Castle,Starter,81,2162,14.7,3.7,4.1,0.9,0.3,2.2,0.4901,65.6,0.4411
San Antonio Spurs,5,Devin Vassell,Role Player,64,1983,16.3,4.0,2.9,1.3,0.5,1.4,0.4499,48.5,0.4049
San Antonio Spurs,6,Julian Champagnie,Fringe,82,1932,9.9,3.9,1.4,0.7,0.4,0.9,0.394,28.0,0.3546
San Antonio Spurs,7,Keldon Johnson,Role Player,77,1838,12.7,4.8,1.6,0.6,0.3,1.0,0.463,54.7,0.4167
San Antonio Spurs,8,Victor Wembanyama,Superstar,46,1527,24.3,11.0,3.7,1.1,3.8,3.2,0.7362,99.2,0.6626
San Antonio Spurs,9,Jeremy Sochan,Starter,54,1364,11.4,6.5,2.4,0.8,0.5,1.6,0.4903,65.9,0.4413
San Antonio Spurs,10,Blake Wesley,Fringe,58,683,3.7,1.1,2.0,0.6,0.1,0.9,0.3887,25.3,0.3499
Toronto Raptors,1,Scottie Barnes,Star,65,2134,19.3,7.7,5.8,1.4,1.0,2.8,0.6106,94.1,0.5496
Toronto Raptors,2,RJ Barrett,Starter,58,1869,21.1,6.3,5.4,0.8,0.3,2.9,0.5719,88.3,0.5147
Toronto Raptors,3,Ochai Agbaji,Fringe,64,1739,10.4,3.8,1.5,0.9,0.5,0.8,0.3644,15.5,0.328
Toronto Raptors,4,Jakob Poeltl,Starter,57,1686,14.5,9.6,2.8,1.2,1.2,1.9,0.5705,87.5,0.5135
Toronto Raptors,5,Gradey Dick,Fringe,54,1587,14.4,3.6,1.8,0.9,0.2,1.5,0.3819,22.7,0.3437
Toronto Raptors,6,Jamal Shead,Role Player,75,1467,7.1,1.5,4.2,0.8,0.1,1.6,0.428,42.9,0.3852
Toronto Raptors,7,Jonathan Mogbo,Role Player,63,1286,6.2,4.9,2.3,0.9,0.5,1.1,0.45,48.8,0.405
Toronto Raptors,8,Ja'Kobe Walter,Fringe,52,1103,8.6,3.1,1.6,0.8,0.2,1.0,0.3845,24.0,0.346
Toronto Raptors,9,Jamison Battle,Fringe,59,1042,7.1,2.7,0.9,0.3,0.2,0.5,0.3568,13.1,0.3211
Toronto Raptors,10,Immanuel Quickley,Starter,33,918,17.1,3.5,5.8,0.7,0.1,1.8,0.5526,83.2,0.4973
Utah Jazz,1,Keyonte George,Role Player,67,2108,16.8,3.8,5.6,0.7,0.1,2.7,0.4757,59.5,0.4282
Utah Jazz,2,Isaiah Collier,Role Player,71,1839,8.7,3.3,6.3,0.9,0.2,2.9,0.4546,50.7,0.4092
Utah Jazz,3,Collin Sexton,Starter,63,1758,18.4,2.7,4.2,0.7,0.1,2.5,0.4919,66.7,0.4427
Utah Jazz,4,Walker Kessler,Starter,58,1740,11.1,12.2,1.7,0.6,2.4,1.5,0.5622,85.3,0.506
Utah Jazz,5,Kyle Filipowski,Starter,72,1522,9.6,6.1,1.9,0.7,0.3,1.4,0.5009,69.9,0.4508
Utah Jazz,6,Lauri Markkanen,Role Player,47,1476,19.0,5.9,1.5,0.7,0.4,1.4,0.4621,54.1,0.4159
Utah Jazz,7,Brice Sensabaugh,Role Player,71,1432,10.9,3.0,1.5,0.6,0.1,1.5,0.4232,40.5,0.3809
Utah Jazz,8,Johnny Juzang,Fringe,64,1270,8.9,2.9,1.1,0.6,0.1,0.6,0.3833,23.7,0.345
Utah Jazz,9,John Collins,Starter,40,1221,18.9,8.2,2.0,1.0,1.0,2.6,0.5446,80.5,0.4901
Utah Jazz,10,Cody Williams,Fringe,50,1060,4.6,2.3,1.2,0.5,0.3,0.9,0.2559,0.5,0.2303
Washington Wizards,1,Bub Carrington,Fringe,82,2458,9.8,4.2,4.4,0.7,0.3,1.7,0.3904,26.4,0.3514
Washington Wizards,2,Jordan Poole,Starter,68,2001,20.5,3.0,4.5,1.3,0.4,3.0,0.5287,76.5,0.4758
Washington Wizards,3,Bilal Coulibaly,Role Player,59,1948,12.3,5.0,3.4,1.3,0.7,2.1,0.4013,30.7,0.3612
Washington Wizards,4,Alex Sarr,Starter,67,1814,13.0,6.5,2.4,0.7,1.5,1.7,0.5083,71.7,0.4575
Washington Wizards,5,Kyshawn George,Fringe,68,1802,8.7,4.2,2.5,1.0,0.7,1.4,0.3875,25.1,0.3487
Washington Wizards,6,Corey Kispert,Fringe,61,1602,11.6,3.0,1.7,0.4,0.2,1.0,0.3529,10.4,0.3176
Washington Wizards,7,Justin Champagnie,Role Player,62,1341,8.8,5.7,1.0,1.0,0.6,0.9,0.4612,53.9,0.4151
Washington Wizards,8,Khris Middleton,Starter,37,843,11.9,3.7,4.1,0.9,0.2,1.5,0.527,76.0,0.4743
Washington Wizards,9,Marcus Smart,Role Player,34,680,9.0,2.1,3.2,1.1,0.3,1.6,0.4557,51.2,0.4101
Washington Wizards,10,AJ Johnson,Fringe,29,638,7.6,2.0,2.6,0.4,0.1,1.2,0.3384,7.2,0.3045
