team,window,seasons_used,current_win_pct,current_net_rating,current_n_superstars,current_n_stars,current_top_player,current_2nd_player,current_W,current_L,current_win_pct_trend,current_net_rating_trend,current_n_superstars_trend,match_rank,match_type,match_team,match_seasons,match_anchor_season,match_3yr_W,match_3yr_L,match_avg_win_pct,match_avg_net_rating,match_top_player,match_2nd_player,match_top_5_players,match_win_pct_trend,match_net_rating_trend,match_n_superstars_trend,match_next_1yr_win_pct,match_next_2yr_win_pct,match_next_avg_win_pct,match_next_1yr_playoff_round,match_next_2yr_playoff_round,similarity_score,level_similarity,trend_similarity,level_reason,trend_reason
Atlanta Hawks,2023-24 / 2024-25 / 2025-26,2023-24 / 2024-25 / 2025-26,0.48,-0.9,0.0,1,Jalen Johnson,Onyeka Okongwu,31,31,0.03,1.0,0.0,1,top_1,Phoenix Suns,2011-12 / 2012-13 / 2013-14,2013-14,106,124,0.466,-1.3,Goran Dragic,Eric Bledsoe,"Goran Dragic, Markieff Morris, Gerald Green, Eric Bledsoe, Miles Plumlee",0.043,1.4,0.0,0.476,0.28,0.378,0,0.0,72.0,77.9,79.0,Similar superstar presence + offensive rank,Similar superstar presence trend + top player quality trend
Atlanta Hawks,2023-24 / 2024-25 / 2025-26,2023-24 / 2024-25 / 2025-26,0.48,-0.9,0.0,1,Jalen Johnson,Onyeka Okongwu,31,31,0.03,1.0,0.0,2,top_2,Orlando Magic,2004-05 / 2005-06 / 2006-07,2006-07,112,134,0.459,-0.7,Dwight Howard,Jameer Nelson,"Dwight Howard, Jameer Nelson, Hedo Turkoglu, Darko Milicic, Grant Hill",0.024,1.5,0.0,0.634,0.72,0.677,2,4.0,69.2,91.9,69.6,Similar superstar presence + net rating,Similar superstar presence trend + win percentage trend
Atlanta Hawks,2023-24 / 2024-25 / 2025-26,2023-24 / 2024-25 / 2025-26,0.48,-0.9,0.0,1,Jalen Johnson,Onyeka Okongwu,31,31,0.03,1.0,0.0,3,top_3,Detroit Pistons,2014-15 / 2015-16 / 2016-17,2016-17,113,133,0.466,-0.7,Andre Drummond,Tobias Harris,"Andre Drummond, Tobias Harris, Ish Smith, Marcus Morris Sr., Kentavious Caldwell-Pope",0.031,-0.1,0.0,0.476,0.5,0.488,0,1.0,63.5,73.8,68.9,Similar superstar presence + net rating,Similar superstar presence trend + win percentage trend
Atlanta Hawks,2023-24 / 2024-25 / 2025-26,2023-24 / 2024-25 / 2025-26,0.48,-0.9,0.0,1,Jalen Johnson,Onyeka Okongwu,31,31,0.03,1.0,0.0,4,optimistic,Orlando Magic,2004-05 / 2005-06 / 2006-07,2006-07,112,134,0.459,-0.7,Dwight Howard,Jameer Nelson,"Dwight Howard, Jameer Nelson, Hedo Turkoglu, Darko Milicic, Grant Hill",0.024,1.5,0.0,0.634,0.72,0.677,2,4.0,69.2,91.9,69.6,Similar superstar presence + net rating,Similar superstar presence trend + win percentage trend
Atlanta Hawks,2023-24 / 2024-25 / 2025-26,2023-24 / 2024-25 / 2025-26,0.48,-0.9,0.0,1,Jalen Johnson,Onyeka Okongwu,31,31,0.03,1.0,0.0,5,pessimistic,San Antonio Spurs,2019-20 / 2020-21 / 2021-22,2021-22,99,126,0.439,-0.7,Dejounte Murray,Jakob Poeltl,"Dejounte Murray, Jakob Poeltl, Keldon Johnson, Devin Vassell, Lonnie Walker IV",-0.018,0.6,0.0,0.268,0.268,0.268,0,0.0,59.1,66.9,67.5,Similar superstar presence + star players lost,Similar superstar presence trend + roster potential trend
Boston Celtics,2023-24 / 2024-25 / 2025-26,2023-24 / 2024-25 / 2025-26,0.724,9.7,0.6,2,Jaylen Brown,Derrick White,41,20,-0.054,-1.5,-0.5,1,top_1,San Antonio Spurs,2012-13 / 2013-14 / 2014-15,2014-15,175,71,0.71,7.0,Tim Duncan,Kawhi Leonard,"Tim Duncan, Kawhi Leonard, Danny Green, Manu Ginobili, Tony Parker",-0.018,-0.2,-0.5,0.817,0.744,0.78,2,3.0,45.2,51.6,56.5,Similar win percentage + roster depth,Similar superstar presence trend + offensive rank trend
Boston Celtics,2023-24 / 2024-25 / 2025-26,2023-24 / 2024-25 / 2025-26,0.724,9.7,0.6,2,Jaylen Brown,Derrick White,41,20,-0.054,-1.5,-0.5,2,top_2,Sacramento Kings,2001-02 / 2002-03 / 2003-04,2003-04,175,71,0.706,6.5,Peja Stojakovic,Chris Webber,"Peja Stojakovic, Brad Miller, Mike Bibby, Vlade Divac, Doug Christie",-0.037,-1.3,-0.5,0.61,0.537,0.573,1,1.0,40.1,41.7,65.8,Similar win percentage + top player quality,Similar superstar presence trend + net rating trend
Boston Celtics,2023-24 / 2024-25 / 2025-26,2023-24 / 2024-25 / 2025-26,0.724,9.7,0.6,2,Jaylen Brown,Derrick White,41,20,-0.054,-1.5,-0.5,3,top_3,San Antonio Spurs,2006-07 / 2007-08 / 2008-09,2008-09,168,78,0.679,5.8,Tim Duncan,Tony Parker,"Tim Duncan, Tony Parker, Manu Ginobili, Drew Gooden, Roger Mason Jr.",-0.024,-2.5,-0.5,0.61,0.744,0.677,1,1.0,36.0,37.6,60.8,Similar superstar presence + roster depth,Similar superstar presence trend + defensive rank trend
Boston Celtics,2023-24 / 2024-25 / 2025-26,2023-24 / 2024-25 / 2025-26,0.724,9.7,0.6,2,Jaylen Brown,Derrick White,41,20,-0.054,-1.5,-0.5,4,optimistic,San Antonio Spurs,2009-10 / 2010-11 / 2011-12,2011-12,161,69,0.716,6.6,Tim Duncan,Tony Parker,"Tim Duncan, Tony Parker, Tiago Splitter, DeJuan Blair, Kawhi Leonard",0.074,1.1,-0.5,0.707,0.756,0.732,4,5.0,34.9,44.5,42.0,Similar win percentage + top player quality,Similar superstar presence trend + defensive rank trend
Boston Celtics,2023-24 / 2024-25 / 2025-26,2023-24 / 2024-25 / 2025-26,0.724,9.7,0.6,2,Jaylen Brown,Derrick White,41,20,-0.054,-1.5,-0.5,5,pessimistic,Detroit Pistons,2005-06 / 2006-07 / 2007-08,2007-08,176,70,0.709,6.9,Chauncey Billups,Rasheed Wallace,"Chauncey Billups, Rasheed Wallace, Richard Hamilton, Tayshaun Prince, Antonio McDyess",-0.03,0.4,0.0,0.476,0.329,0.402,0,0.0,33.1,41.7,40.6,Similar roster depth + 2nd player quality,Similar win percentage trend + offensive rank trend
Brooklyn Nets,2023-24 / 2024-25 / 2025-26,2023-24 / 2024-25 / 2025-26,0.307,-6.8,0.0,0,Michael Porter Jr.,Day'Ron Sharpe,15,46,-0.072,-3.0,0.0,1,top_1,Golden State Warriors,1998-99 / 1999-00 / 2000-01,2000-01,57,157,0.269,-7.3,Antawn Jamison,Mookie Blaylock,"Antawn Jamison, Mookie Blaylock, Larry Hughes, Marc Jackson, Adonal Foyle",-0.106,-3.1,0.0,0.256,0.463,0.36,0,0.0,68.3,74.8,75.8,Similar superstar presence + star players lost,Similar superstar presence trend + 2nd player quality trend
Brooklyn Nets,2023-24 / 2024-25 / 2025-26,2023-24 / 2024-25 / 2025-26,0.307,-6.8,0.0,0,Michael Porter Jr.,Day'Ron Sharpe,15,46,-0.072,-3.0,0.0,2,top_2,New York Knicks,2016-17 / 2017-18 / 2018-19,2018-19,77,169,0.301,-5.7,DeAndre Jordan,Dennis Smith Jr.,"DeAndre Jordan, Mitchell Robinson, Emmanuel Mudiay, Noah Vonleh, Kevin Knox II",-0.085,-2.7,0.0,0.318,0.569,0.444,0,0.0,66.9,71.8,77.0,Similar superstar presence + star players lost,Similar superstar presence trend + top player quality trend
Brooklyn Nets,2023-24 / 2024-25 / 2025-26,2023-24 / 2024-25 / 2025-26,0.307,-6.8,0.0,0,Michael Porter Jr.,Day'Ron Sharpe,15,46,-0.072,-3.0,0.0,3,top_3,Brooklyn Nets,2014-15 / 2015-16 / 2016-17,2016-17,79,167,0.303,-5.9,Brook Lopez,Trevor Booker,"Brook Lopez, Trevor Booker, Rondae Hollis-Jefferson, Sean Kilpatrick, Justin Hamilton",-0.11,-1.8,0.0,0.341,0.512,0.427,0,1.0,65.9,91.4,66.3,Similar superstar presence + star players lost,Similar superstar presence trend + top player quality trend
Brooklyn Nets,2023-24 / 2024-25 / 2025-26,2023-24 / 2024-25 / 2025-26,0.307,-6.8,0.0,0,Michael Porter Jr.,Day'Ron Sharpe,15,46,-0.072,-3.0,0.0,4,optimistic,Phoenix Suns,2016-17 / 2017-18 / 2018-19,2018-19,64,182,0.255,-8.0,Devin Booker,Deandre Ayton,"Devin Booker, Deandre Ayton, Kelly Oubre Jr., Josh Jackson, Richaun Holmes",-0.03,-1.9,0.0,0.466,0.708,0.587,0,4.0,60.5,75.0,64.0,Similar superstar presence + star players lost,Similar superstar presence trend + roster potential trend
Brooklyn Nets,2023-24 / 2024-25 / 2025-26,2023-24 / 2024-25 / 2025-26,0.307,-6.8,0.0,0,Michael Porter Jr.,Day'Ron Sharpe,15,46,-0.072,-3.0,0.0,5,pessimistic,Detroit Pistons,2019-20 / 2020-21 / 2021-22,2021-22,63,157,0.285,-5.5,Cade Cunningham,Saddiq Bey,"Saddiq Bey, Cade Cunningham, Isaiah Stewart, Jerami Grant, Hamidou Diallo",-0.011,-2.1,0.0,0.207,0.171,0.189,0,0.0,58.4,66.7,66.2,Similar superstar presence + star players gained,Similar superstar presence trend + 2nd player quality trend
Charlotte Hornets,2023-24 / 2024-25 / 2025-26,2023-24 / 2024-25 / 2025-26,0.345,-4.4,0.0,0,LaMelo Ball,Kon Knueppel,31,31,0.122,7.0,0.0,1,top_1,Oklahoma City Thunder,2020-21 / 2021-22 / 2022-23,2022-23,86,150,0.374,-5.0,Shai Gilgeous-Alexander,Josh Giddey,"Shai Gilgeous-Alexander, Josh Giddey, Jalen Williams, Luguentz Dort, Isaiah Joe",0.091,5.8,0.0,0.695,0.829,0.762,2,5.0,56.9,71.7,60.7,Similar superstar presence + net rating,Similar superstar presence trend + defensive rank trend
Charlotte Hornets,2023-24 / 2024-25 / 2025-26,2023-24 / 2024-25 / 2025-26,0.345,-4.4,0.0,0,LaMelo Ball,Kon Knueppel,31,31,0.122,7.0,0.0,2,top_2,Phoenix Suns,2017-18 / 2018-19 / 2019-20,2019-20,74,163,0.331,-5.2,Devin Booker,Ricky Rubio,"Devin Booker, Ricky Rubio, Deandre Ayton, Kelly Oubre Jr., Dario Saric",0.105,4.8,0.0,0.708,0.78,0.744,4,0.0,51.6,70.7,54.3,Similar superstar presence + star players lost,Similar superstar presence trend + defensive rank trend
Charlotte Hornets,2023-24 / 2024-25 / 2025-26,2023-24 / 2024-25 / 2025-26,0.345,-4.4,0.0,0,LaMelo Ball,Kon Knueppel,31,31,0.122,7.0,0.0,3,top_3,Portland Trail Blazers,2005-06 / 2006-07 / 2007-08,2007-08,94,152,0.401,-4.7,Brandon Roy,LaMarcus Aldridge,"Brandon Roy, LaMarcus Aldridge, Travis Outlaw, Jarrett Jack, Steve Blake",0.122,4.9,0.0,0.659,0.61,0.634,1,1.0,50.6,68.2,53.8,Similar superstar presence + star players lost,Similar win percentage trend + superstar presence trend
Charlotte Hornets,2023-24 / 2024-25 / 2025-26,2023-24 / 2024-25 / 2025-26,0.345,-4.4,0.0,0,LaMelo Ball,Kon Knueppel,31,31,0.122,7.0,0.0,4,optimistic,Oklahoma City Thunder,2020-21 / 2021-22 / 2022-23,2022-23,86,150,0.374,-5.0,Shai Gilgeous-Alexander,Josh Giddey,"Shai Gilgeous-Alexander, Josh Giddey, Jalen Williams, Luguentz Dort, Isaiah Joe",0.091,5.8,0.0,0.695,0.829,0.762,2,5.0,56.9,71.7,60.7,Similar superstar presence + net rating,Similar superstar presence trend + defensive rank trend
Charlotte Hornets,2023-24 / 2024-25 / 2025-26,2023-24 / 2024-25 / 2025-26,0.345,-4.4,0.0,0,LaMelo Ball,Kon Knueppel,31,31,0.122,7.0,0.0,5,pessimistic,Los Angeles Clippers,1999-00 / 2000-01 / 2001-02,2001-02,85,161,0.368,-4.2,Elton Brand,Lamar Odom,"Elton Brand, Jeff McInnis, Michael Olowokandi, Quentin Richardson, Darius Miles",0.146,5.8,0.0,0.329,0.341,0.335,0,0.0,50.5,56.6,61.9,Similar superstar presence + star players lost,Similar superstar presence trend + win percentage trend
Chicago Bulls,2023-24 / 2024-25 / 2025-26,2023-24 / 2024-25 / 2025-26,0.447,-2.8,0.0,1,Josh Giddey,Jalen Smith,25,37,-0.036,-1.4,0.0,1,top_1,Houston Rockets,1999-00 / 2000-01 / 2001-02,2001-02,107,139,0.432,-1.5,Steve Francis,Cuttino Mobley,"Steve Francis, Cuttino Mobley, Kenny Thomas, Moochie Norris, Eddie Griffin",-0.037,-2.3,0.0,0.524,0.549,0.537,0,1.0,67.9,72.8,77.5,Similar superstar presence + roster potential,Similar superstar presence trend + win percentage trend
Chicago Bulls,2023-24 / 2024-25 / 2025-26,2023-24 / 2024-25 / 2025-26,0.447,-2.8,0.0,1,Josh Giddey,Jalen Smith,25,37,-0.036,-1.4,0.0,2,top_2,Cleveland Cavaliers,1998-99 / 1999-00 / 2000-01,2000-01,84,130,0.393,-3.4,Andre Miller,Clar. Weatherspoon,"Andre Miller, Clar. Weatherspoon, Chris Gatling, Lamond Murray, Robert Traylor",-0.037,-1.2,0.0,0.354,0.207,0.28,0,0.0,61.8,66.8,73.1,Similar superstar presence + roster potential,Similar superstar presence trend + win percentage trend
Chicago Bulls,2023-24 / 2024-25 / 2025-26,2023-24 / 2024-25 / 2025-26,0.447,-2.8,0.0,1,Josh Giddey,Jalen Smith,25,37,-0.036,-1.4,0.0,3,top_3,New Jersey Nets,1998-99 / 1999-00 / 2000-01,2000-01,73,141,0.339,-3.6,Stephon Marbury,Keith Van Horn,"Stephon Marbury, Aaron Williams, Kenyon Martin, Keith Van Horn, Lucious Harris",-0.001,-0.6,0.0,0.634,0.598,0.616,4,4.0,61.7,65.3,75.8,Similar superstar presence + roster depth,Similar superstar presence trend + roster depth trend
Chicago Bulls,2023-24 / 2024-25 / 2025-26,2023-24 / 2024-25 / 2025-26,0.447,-2.8,0.0,1,Josh Giddey,Jalen Smith,25,37,-0.036,-1.4,0.0,4,optimistic,New Jersey Nets,1998-99 / 1999-00 / 2000-01,2000-01,73,141,0.339,-3.6,Stephon Marbury,Keith Van Horn,"Stephon Marbury, Aaron Williams, Kenyon Martin, Keith Van Horn, Lucious Harris",-0.001,-0.6,0.0,0.634,0.598,0.616,4,4.0,61.7,65.3,75.8,Similar superstar presence + roster depth,Similar superstar presence trend + roster depth trend
Chicago Bulls,2023-24 / 2024-25 / 2025-26,2023-24 / 2024-25 / 2025-26,0.447,-2.8,0.0,1,Josh Giddey,Jalen Smith,25,37,-0.036,-1.4,0.0,5,pessimistic,New Jersey Nets,2006-07 / 2007-08 / 2008-09,2008-09,109,137,0.436,-3.2,Vince Carter,Devin Harris,"Vince Carter, Devin Harris, Brook Lopez, Keyon Dooling, Yi Jianlian",-0.043,-0.9,0.0,0.146,0.293,0.22,0,0.0,60.9,63.9,76.5,Similar superstar presence + 2nd player quality,Similar superstar presence trend + 2nd player quality trend
Cleveland Cavaliers,2023-24 / 2024-25 / 2025-26,2023-24 / 2024-25 / 2025-26,0.667,5.6,0.0,4,Donovan Mitchell,James Harden,39,24,0.017,0.9,0.0,1,top_1,Boston Celtics,2017-18 / 2018-19 / 2019-20,2019-20,152,84,0.643,4.9,Jayson Tatum,Kemba Walker,"Jayson Tatum, Kemba Walker, Jaylen Brown, Gordon Hayward, Enes Freedom",-0.002,1.3,0.0,0.5,0.622,0.561,0,4.0,74.6,77.7,84.5,Similar superstar presence + star players lost,Similar superstar presence trend + 2nd player quality trend
Cleveland Cavaliers,2023-24 / 2024-25 / 2025-26,2023-24 / 2024-25 / 2025-26,0.667,5.6,0.0,4,Donovan Mitchell,James Harden,39,24,0.017,0.9,0.0,2,top_2,Toronto Raptors,2015-16 / 2016-17 / 2017-18,2017-18,166,80,0.676,5.7,DeMar DeRozan,Kyle Lowry,"DeMar DeRozan, Kyle Lowry, Jonas Valančiūnas, Serge Ibaka, Fred VanVleet",0.018,1.6,0.0,0.707,0.736,0.722,5,2.0,69.0,79.6,73.0,Similar superstar presence + net rating,Similar superstar presence trend + top player quality trend
Cleveland Cavaliers,2023-24 / 2024-25 / 2025-26,2023-24 / 2024-25 / 2025-26,0.667,5.6,0.0,4,Donovan Mitchell,James Harden,39,24,0.017,0.9,0.0,3,top_3,Toronto Raptors,2016-17 / 2017-18 / 2018-19,2018-19,168,78,0.69,6.1,Kawhi Leonard,Kyle Lowry,"Kawhi Leonard, Marc Gasol, Pascal Siakam, Serge Ibaka, Kyle Lowry",0.043,0.8,0.0,0.736,0.375,0.556,2,0.0,66.0,76.0,71.2,Similar superstar presence + top player quality,Similar superstar presence trend + net rating trend
Cleveland Cavaliers,2023-24 / 2024-25 / 2025-26,2023-24 / 2024-25 / 2025-26,0.667,5.6,0.0,4,Donovan Mitchell,James Harden,39,24,0.017,0.9,0.0,4,optimistic,Toronto Raptors,2015-16 / 2016-17 / 2017-18,2017-18,166,80,0.676,5.7,DeMar DeRozan,Kyle Lowry,"DeMar DeRozan, Kyle Lowry, Jonas Valančiūnas, Serge Ibaka, Fred VanVleet",0.018,1.6,0.0,0.707,0.736,0.722,5,2.0,69.0,79.6,73.0,Similar superstar presence + net rating,Similar superstar presence trend + top player quality trend
Cleveland Cavaliers,2023-24 / 2024-25 / 2025-26,2023-24 / 2024-25 / 2025-26,0.667,5.6,0.0,4,Donovan Mitchell,James Harden,39,24,0.017,0.9,0.0,5,pessimistic,LA Clippers,2018-19 / 2019-20 / 2020-21,2020-21,144,82,0.646,4.9,Kawhi Leonard,Paul George,"Kawhi Leonard, Paul George, Ivica Zubac, Serge Ibaka, Reggie Jackson",0.034,2.5,0.0,0.512,0.537,0.524,0,0.0,56.8,93.4,56.9,Similar superstar presence + roster depth,Similar superstar presence trend + win percentage trend
Dallas Mavericks,2023-24 / 2024-25 / 2025-26,2023-24 / 2024-25 / 2025-26,0.457,-1.5,0.25,0,Cooper Flagg,Brandon Williams,21,40,-0.133,-3.0,-0.5,1,top_1,Orlando Magic,2011-12 / 2012-13 / 2013-14,2013-14,80,150,0.338,-4.7,Nikola Vučević,Victor Oladipo,"Nikola Vučević, Victor Oladipo, Arron Afflalo, Jameer Nelson, Tobias Harris",-0.14,-3.1,-0.5,0.305,0.427,0.366,0,0.0,45.9,46.5,79.5,Similar superstar presence + roster potential,Similar superstar presence trend + net rating trend
Dallas Mavericks,2023-24 / 2024-25 / 2025-26,2023-24 / 2024-25 / 2025-26,0.457,-1.5,0.25,0,Cooper Flagg,Brandon Williams,21,40,-0.133,-3.0,-0.5,2,top_2,Los Angeles Lakers,2012-13 / 2013-14 / 2014-15,2014-15,93,153,0.355,-4.7,Kobe Bryant,Carlos Boozer,"Kobe Bryant, Ed Davis, Jordan Hill, Carlos Boozer, Jeremy Lin",-0.146,-4.1,-0.5,0.207,0.317,0.262,0,0.0,44.4,48.6,59.8,Similar superstar presence + roster depth,Similar superstar presence trend + offensive rank trend
Dallas Mavericks,2023-24 / 2024-25 / 2025-26,2023-24 / 2024-25 / 2025-26,0.457,-1.5,0.25,0,Cooper Flagg,Brandon Williams,21,40,-0.133,-3.0,-0.5,3,top_3,Los Angeles Clippers,2005-06 / 2006-07 / 2007-08,2007-08,110,136,0.426,-2.7,Corey Maggette,Chris Kaman,"Chris Kaman, Corey Maggette, Al Thornton, Cuttino Mobley, Tim Thomas",-0.146,-4.5,0.0,0.232,0.354,0.293,0,0.0,40.9,68.0,42.3,Similar roster depth + top player quality,Similar roster potential trend + 2nd player quality trend
Dallas Mavericks,2023-24 / 2024-25 / 2025-26,2023-24 / 2024-25 / 2025-26,0.457,-1.5,0.25,0,Cooper Flagg,Brandon Williams,21,40,-0.133,-3.0,-0.5,4,optimistic,Utah Jazz,2002-03 / 2003-04 / 2004-05,2004-05,115,131,0.449,-1.6,Andrei Kirilenko,Mehmet Okur,"Mehmet Okur, Andrei Kirilenko, Carlos Boozer, Matt Harpring, Gordan Giricek",-0.128,-3.5,0.0,0.5,0.622,0.561,0,3.0,40.6,73.4,41.3,Similar net rating + win percentage,Similar win percentage trend + 2nd player quality trend
Dallas Mavericks,2023-24 / 2024-25 / 2025-26,2023-24 / 2024-25 / 2025-26,0.457,-1.5,0.25,0,Cooper Flagg,Brandon Williams,21,40,-0.133,-3.0,-0.5,5,pessimistic,Washington Wizards,2020-21 / 2021-22 / 2022-23,2022-23,104,132,0.438,-2.1,Kristaps Porziņģis,Kyle Kuzma,"Kristaps Porziņģis, Kyle Kuzma, Bradley Beal, Daniel Gafford, Deni Avdija",-0.023,0.2,-0.5,0.183,0.22,0.201,0,0.0,38.1,70.6,38.9,Similar superstar presence + roster potential,Similar superstar presence trend + 2nd player quality trend
Denver Nuggets,2023-24 / 2024-25 / 2025-26,2023-24 / 2024-25 / 2025-26,0.632,4.5,1.0,1,Nikola Jokić,Jamal Murray,38,24,-0.041,-0.5,0.0,1,top_1,Minnesota Timberwolves,2002-03 / 2003-04 / 2004-05,2004-05,153,93,0.618,3.2,Kevin Garnett,Sam Cassell,"Kevin Garnett, Sam Cassell, Wally Szczerbiak, Eddie Griffin, Latrell Sprewell",-0.043,-0.3,0.0,0.402,0.39,0.396,0,0.0,62.0,72.2,67.7,Similar superstar presence + roster depth,Similar superstar presence trend + win percentage trend
Denver Nuggets,2023-24 / 2024-25 / 2025-26,2023-24 / 2024-25 / 2025-26,0.632,4.5,1.0,1,Nikola Jokić,Jamal Murray,38,24,-0.041,-0.5,0.0,2,top_2,Denver Nuggets,2020-21 / 2021-22 / 2022-23,2022-23,148,88,0.627,3.3,Nikola Jokić,Jamal Murray,"Nikola Jokić, Jamal Murray, Aaron Gordon, Bruce Brown, Michael Porter Jr.",-0.003,-0.8,0.0,0.695,0.61,0.652,2,2.0,56.0,59.8,71.2,Similar superstar presence + star players lost,Similar superstar presence trend + net rating trend
Denver Nuggets,2023-24 / 2024-25 / 2025-26,2023-24 / 2024-25 / 2025-26,0.632,4.5,1.0,1,Nikola Jokić,Jamal Murray,38,24,-0.041,-0.5,0.0,3,top_3,Cleveland Cavaliers,2015-16 / 2016-17 / 2017-18,2017-18,158,88,0.635,3.1,LeBron James,Kevin Love,"LeBron James, Kevin Love, Jordan Clarkson, Larry Nance Jr., Jeff Green",-0.043,-2.6,0.0,0.232,0.292,0.262,0,0.0,55.6,74.0,58.3,Similar superstar presence + win percentage,Similar superstar presence trend + win percentage trend
Denver Nuggets,2023-24 / 2024-25 / 2025-26,2023-24 / 2024-25 / 2025-26,0.632,4.5,1.0,1,Nikola Jokić,Jamal Murray,38,24,-0.041,-0.5,0.0,4,optimistic,Denver Nuggets,2019-20 / 2020-21 / 2021-22,2021-22,141,86,0.62,3.1,Nikola Jokić,Aaron Gordon,"Nikola Jokić, Aaron Gordon, Will Barton, Monte Morris, Bones Hyland",-0.022,0.0,0.0,0.646,0.695,0.671,5,2.0,51.2,54.4,68.8,Similar superstar presence + star players lost,Similar superstar presence trend + roster depth trend
Denver Nuggets,2023-24 / 2024-25 / 2025-26,2023-24 / 2024-25 / 2025-26,0.632,4.5,1.0,1,Nikola Jokić,Jamal Murray,38,24,-0.041,-0.5,0.0,5,pessimistic,Cleveland Cavaliers,2015-16 / 2016-17 / 2017-18,2017-18,158,88,0.635,3.1,LeBron James,Kevin Love,"LeBron James, Kevin Love, Jordan Clarkson, Larry Nance Jr., Jeff Green",-0.043,-2.6,0.0,0.232,0.292,0.262,0,0.0,55.6,74.0,58.3,Similar superstar presence + win percentage,Similar superstar presence trend + win percentage trend
Detroit Pistons,2023-24 / 2024-25 / 2025-26,2023-24 / 2024-25 / 2025-26,0.53,1.6,0.0,2,Cade Cunningham,Jalen Duren,45,15,0.29,8.4,0.0,1,top_1,Phoenix Suns,2018-19 / 2019-20 / 2020-21,2020-21,104,123,0.504,0.3,Chris Paul,Devin Booker,"Chris Paul, Devin Booker, Deandre Ayton, Mikal Bridges, Cameron Payne",0.238,7.4,0.0,0.78,0.549,0.665,0,2.0,60.3,70.5,66.4,Similar superstar presence + star players lost,Similar superstar presence trend + defensive rank trend
Detroit Pistons,2023-24 / 2024-25 / 2025-26,2023-24 / 2024-25 / 2025-26,0.53,1.6,0.0,2,Cade Cunningham,Jalen Duren,45,15,0.29,8.4,0.0,2,top_2,Cleveland Cavaliers,2020-21 / 2021-22 / 2022-23,2022-23,117,119,0.513,0.9,Donovan Mitchell,Evan Mobley,"Donovan Mitchell, Evan Mobley, Darius Garland, Jarrett Allen, Caris LeVert",0.158,7.0,0.0,0.585,0.78,0.683,2,2.0,51.1,85.3,51.5,Similar superstar presence + 2nd player quality,Similar superstar presence trend + top player quality trend
Detroit Pistons,2023-24 / 2024-25 / 2025-26,2023-24 / 2024-25 / 2025-26,0.53,1.6,0.0,2,Cade Cunningham,Jalen Duren,45,15,0.29,8.4,0.0,3,top_3,Golden State Warriors,2019-20 / 2020-21 / 2021-22,2021-22,107,112,0.506,0.4,Stephen Curry,Andrew Wiggins,"Stephen Curry, Jordan Poole, Andrew Wiggins, Kevon Looney, Draymond Green",0.208,7.0,0.0,0.537,0.561,0.549,2,0.0,47.8,55.4,57.6,Similar superstar presence + roster depth,Similar superstar presence trend + roster depth trend
Detroit Pistons,2023-24 / 2024-25 / 2025-26,2023-24 / 2024-25 / 2025-26,0.53,1.6,0.0,2,Cade Cunningham,Jalen Duren,45,15,0.29,8.4,0.0,4,optimistic,Boston Celtics,2005-06 / 2006-07 / 2007-08,2007-08,123,123,0.525,2.7,Kevin Garnett,Paul Pierce,"Kevin Garnett, Paul Pierce, Rajon Rondo, Ray Allen, Sam Cassell",0.201,6.2,0.0,0.756,0.61,0.683,2,4.0,36.0,48.8,41.1,Similar superstar presence + win percentage,Similar superstar presence trend + defensive rank trend
Detroit Pistons,2023-24 / 2024-25 / 2025-26,2023-24 / 2024-25 / 2025-26,0.53,1.6,0.0,2,Cade Cunningham,Jalen Duren,45,15,0.29,8.4,0.0,5,pessimistic,Denver Nuggets,2002-03 / 2003-04 / 2004-05,2004-05,109,137,0.474,-1.0,Carmelo Anthony,Kenyon Martin,"Marcus Camby, Carmelo Anthony, Kenyon Martin, Andre Miller, Earl Boykins",0.195,5.6,0.0,0.537,0.549,0.543,1,1.0,38.6,57.3,41.6,Similar superstar presence + star players lost,Similar superstar presence trend + roster depth trend
Golden State Warriors,2023-24 / 2024-25 / 2025-26,2023-24 / 2024-25 / 2025-26,0.548,2.2,0.0,2,Stephen Curry,Jimmy Butler III,31,30,-0.026,-0.5,0.0,1,top_1,Miami Heat,2015-16 / 2016-17 / 2017-18,2017-18,133,113,0.536,0.9,Hassan Whiteside,Goran Dragic,"Hassan Whiteside, Goran Dragic, Kelly Olynyk, Josh Richardson, James Johnson",-0.024,-0.6,0.0,0.476,0.603,0.539,1,4.0,62.4,73.5,67.5,Similar superstar presence + top player quality,Similar superstar presence trend + win percentage trend
Golden State Warriors,2023-24 / 2024-25 / 2025-26,2023-24 / 2024-25 / 2025-26,0.548,2.2,0.0,2,Stephen Curry,Jimmy Butler III,31,30,-0.026,-0.5,0.0,2,top_2,Washington Wizards,2015-16 / 2016-17 / 2017-18,2017-18,133,113,0.544,0.6,John Wall,Bradley Beal,"Bradley Beal, Otto Porter Jr., John Wall, Marcin Gortat, Markieff Morris",0.012,0.5,0.0,0.39,0.347,0.369,0,0.0,60.2,71.1,65.7,Similar superstar presence + star players lost,Similar superstar presence trend + top player quality trend
Golden State Warriors,2023-24 / 2024-25 / 2025-26,2023-24 / 2024-25 / 2025-26,0.548,2.2,0.0,2,Stephen Curry,Jimmy Butler III,31,30,-0.026,-0.5,0.0,3,top_3,Washington Wizards,2013-14 / 2014-15 / 2015-16,2015-16,131,115,0.53,0.3,John Wall,Marcin Gortat,"John Wall, Marcin Gortat, Nene, Ramon Sessions, Bradley Beal",-0.018,-0.9,0.0,0.598,0.524,0.561,2,1.0,58.9,64.4,70.2,Similar superstar presence + star players lost,Similar superstar presence trend + win percentage trend
Golden State Warriors,2023-24 / 2024-25 / 2025-26,2023-24 / 2024-25 / 2025-26,0.548,2.2,0.0,2,Stephen Curry,Jimmy Butler III,31,30,-0.026,-0.5,0.0,4,optimistic,Miami Heat,2018-19 / 2019-20 / 2020-21,2020-21,123,104,0.552,0.8,Bam Adebayo,Jimmy Butler III,"Bam Adebayo, Jimmy Butler III, Tyler Herro, Victor Oladipo, Duncan Robinson",0.04,0.2,0.0,0.646,0.537,0.591,3,4.0,55.9,71.2,59.7,Similar superstar presence + win percentage,Similar superstar presence trend + net rating trend
Golden State Warriors,2023-24 / 2024-25 / 2025-26,2023-24 / 2024-25 / 2025-26,0.548,2.2,0.0,2,Stephen Curry,Jimmy Butler III,31,30,-0.026,-0.5,0.0,5,pessimistic,Chicago Bulls,2014-15 / 2015-16 / 2016-17,2016-17,133,113,0.532,0.4,Jimmy Butler III,Dwyane Wade,"Jimmy Butler III, Dwyane Wade, Rajon Rondo, Robin Lopez, Nikola Mirotic",-0.055,-1.4,0.0,0.329,0.268,0.299,0,0.0,56.2,63.6,65.4,Similar superstar presence + 2nd player quality,Similar superstar presence trend + top player quality trend
Houston Rockets,2023-24 / 2024-25 / 2025-26,2023-24 / 2024-25 / 2025-26,0.6,4.0,0.0,2,Alperen Sengun,Kevin Durant,38,22,0.067,2.2,0.0,1,top_1,Atlanta Hawks,1995-96 / 1996-97 / 1997-98,1997-98,106,58,0.608,3.8,Dikembe Mutombo,Mookie Blaylock,"Dikembe Mutombo, Steven Smith, Mookie Blaylock, Christian Laettner, Alan Henderson",0.055,2.0,0.0,0.62,0.341,0.481,2,0.0,75.5,75.7,95.4,Similar superstar presence + roster depth,Similar superstar presence trend + net rating trend
Houston Rockets,2023-24 / 2024-25 / 2025-26,2023-24 / 2024-25 / 2025-26,0.6,4.0,0.0,2,Alperen Sengun,Kevin Durant,38,22,0.067,2.2,0.0,2,top_2,Indiana Pacers,2010-11 / 2011-12 / 2012-13,2012-13,128,101,0.577,2.7,David West,Roy Hibbert,"Paul George, David West, Roy Hibbert, George Hill, Lance Stephenson",0.077,2.7,0.0,0.683,0.463,0.573,3,0.0,72.4,81.6,76.4,Similar superstar presence + star players lost,Similar superstar presence trend + 2nd player quality trend
Houston Rockets,2023-24 / 2024-25 / 2025-26,2023-24 / 2024-25 / 2025-26,0.6,4.0,0.0,2,Alperen Sengun,Kevin Durant,38,22,0.067,2.2,0.0,3,top_3,Utah Jazz,2015-16 / 2016-17 / 2017-18,2017-18,139,107,0.574,3.7,Donovan Mitchell,Rudy Gobert,"Donovan Mitchell, Ricky Rubio, Rudy Gobert, Derrick Favors, Joe Ingles",0.049,1.3,0.0,0.61,0.611,0.61,1,1.0,68.4,83.1,70.6,Similar superstar presence + star players gained,Similar superstar presence trend + top player quality trend
Houston Rockets,2023-24 / 2024-25 / 2025-26,2023-24 / 2024-25 / 2025-26,0.6,4.0,0.0,2,Alperen Sengun,Kevin Durant,38,22,0.067,2.2,0.0,4,optimistic,Indiana Pacers,1995-96 / 1996-97 / 1997-98,1997-98,97,67,0.574,3.2,Mark Jackson,Rik Smits,"Rik Smits, Mark Jackson, Reggie Miller, Antonio Davis, Dale Davis",0.104,3.4,0.0,0.66,0.683,0.671,3,4.0,62.2,66.7,74.3,Similar superstar presence + star players lost,Similar superstar presence trend + top player quality trend
Houston Rockets,2023-24 / 2024-25 / 2025-26,2023-24 / 2024-25 / 2025-26,0.6,4.0,0.0,2,Alperen Sengun,Kevin Durant,38,22,0.067,2.2,0.0,5,pessimistic,Atlanta Hawks,2013-14 / 2014-15 / 2015-16,2015-16,146,100,0.606,3.5,Paul Millsap,Al Horford,"Paul Millsap, Al Horford, Dennis Schröder, Jeff Teague, Mike Scott",0.061,2.3,0.0,0.524,0.293,0.409,0,0.0,64.2,75.1,69.0,Similar superstar presence + win percentage,Similar superstar presence trend + net rating trend
Indiana Pacers,2023-24 / 2024-25 / 2025-26,2023-24 / 2024-25 / 2025-26,0.455,-1.7,0.0,0,Ivica Zubac,Pascal Siakam,15,46,-0.164,-5.5,0.0,1,top_1,Atlanta Hawks,1997-98 / 1998-99 / 1999-00,1999-00,109,105,0.506,-0.2,Dikembe Mutombo,Isaiah Rider,"Dikembe Mutombo, Jim Jackson, Isaiah Rider, Alan Henderson, Jason Terry",-0.134,-4.8,0.0,0.305,0.402,0.354,0,0.0,56.5,62.1,68.0,Similar superstar presence + roster depth,Similar superstar presence trend + roster depth trend
Indiana Pacers,2023-24 / 2024-25 / 2025-26,2023-24 / 2024-25 / 2025-26,0.455,-1.7,0.0,0,Ivica Zubac,Pascal Siakam,15,46,-0.164,-5.5,0.0,2,top_2,Denver Nuggets,2012-13 / 2013-14 / 2014-15,2014-15,123,123,0.474,-0.8,Ty Lawson,Kenneth Faried,"Ty Lawson, Kenneth Faried, Wilson Chandler, Jusuf Nurkić, JJ Hickson",-0.165,-4.2,0.0,0.402,0.488,0.445,0,0.0,55.6,66.7,61.6,Similar superstar presence + star players gained,Similar superstar presence trend + win percentage trend
Indiana Pacers,2023-24 / 2024-25 / 2025-26,2023-24 / 2024-25 / 2025-26,0.455,-1.7,0.0,0,Ivica Zubac,Pascal Siakam,15,46,-0.164,-5.5,0.0,3,top_3,Utah Jazz,2011-12 / 2012-13 / 2013-14,2013-14,104,126,0.442,-3.0,Derrick Favors,Gordon Hayward,"Gordon Hayward, Derrick Favors, Enes Freedom, Alec Burks, Trey Burke",-0.12,-4.0,0.0,0.463,0.488,0.475,0,0.0,55.0,76.6,56.9,Similar superstar presence + star players lost,Similar superstar presence trend + roster potential trend
Indiana Pacers,2023-24 / 2024-25 / 2025-26,2023-24 / 2024-25 / 2025-26,0.455,-1.7,0.0,0,Ivica Zubac,Pascal Siakam,15,46,-0.164,-5.5,0.0,4,optimistic,Utah Jazz,2002-03 / 2003-04 / 2004-05,2004-05,115,131,0.449,-1.6,Andrei Kirilenko,Mehmet Okur,"Mehmet Okur, Andrei Kirilenko, Carlos Boozer, Matt Harpring, Gordan Giricek",-0.128,-3.5,0.0,0.5,0.622,0.561,0,3.0,44.8,54.2,52.7,Similar superstar presence + net rating,Similar superstar presence trend + roster potential trend
Indiana Pacers,2023-24 / 2024-25 / 2025-26,2023-24 / 2024-25 / 2025-26,0.455,-1.7,0.0,0,Ivica Zubac,Pascal Siakam,15,46,-0.164,-5.5,0.0,5,pessimistic,Seattle SuperSonics,2004-05 / 2005-06 / 2006-07,2006-07,118,128,0.459,-1.8,Ray Allen,Rashard Lewis,"Ray Allen, Rashard Lewis, Chris Wilcox, Nick Collison, Earl Watson",-0.128,-2.6,0.0,0.244,,0.244,0,,44.7,59.0,49.5,Similar superstar presence + net rating,Similar superstar presence trend + defensive rank trend
LA Clippers,2023-24 / 2024-25 / 2025-26,2023-24 / 2024-25 / 2025-26,0.562,2.6,0.0,1,Kawhi Leonard,Darius Garland,29,31,-0.069,-1.7,0.0,1,top_1,Chicago Bulls,2014-15 / 2015-16 / 2016-17,2016-17,133,113,0.532,0.4,Jimmy Butler III,Dwyane Wade,"Jimmy Butler III, Dwyane Wade, Rajon Rondo, Robin Lopez, Nikola Mirotic",-0.055,-1.4,0.0,0.329,0.268,0.299,0,0.0,57.2,60.0,74.4,Similar superstar presence + roster depth,Similar superstar presence trend + net rating trend
LA Clippers,2023-24 / 2024-25 / 2025-26,2023-24 / 2024-25 / 2025-26,0.562,2.6,0.0,1,Kawhi Leonard,Darius Garland,29,31,-0.069,-1.7,0.0,2,top_2,Indiana Pacers,2013-14 / 2014-15 / 2015-16,2015-16,139,107,0.552,1.9,Paul George,Monta Ellis,"Paul George, Jordan Hill, Ian Mahinmi, Myles Turner, Monta Ellis",-0.067,-1.6,0.0,0.512,0.585,0.549,1,1.0,54.2,54.9,84.4,Similar superstar presence + win percentage,Similar superstar presence trend + defensive rank trend
LA Clippers,2023-24 / 2024-25 / 2025-26,2023-24 / 2024-25 / 2025-26,0.562,2.6,0.0,1,Kawhi Leonard,Darius Garland,29,31,-0.069,-1.7,0.0,3,top_3,Dallas Mavericks,2013-14 / 2014-15 / 2015-16,2015-16,141,105,0.568,1.5,Dirk Nowitzki,David Lee,"Dirk Nowitzki, David Lee, Zaza Pachulia, Chandler Parsons, Dwight Powell",-0.043,-1.3,0.0,0.402,0.293,0.348,0,0.0,53.6,55.9,73.6,Similar superstar presence + win percentage,Similar superstar presence trend + roster potential trend
LA Clippers,2023-24 / 2024-25 / 2025-26,2023-24 / 2024-25 / 2025-26,0.562,2.6,0.0,1,Kawhi Leonard,Darius Garland,29,31,-0.069,-1.7,0.0,4,optimistic,Miami Heat,2015-16 / 2016-17 / 2017-18,2017-18,133,113,0.536,0.9,Hassan Whiteside,Goran Dragic,"Hassan Whiteside, Goran Dragic, Kelly Olynyk, Josh Richardson, James Johnson",-0.024,-0.6,0.0,0.476,0.603,0.539,1,4.0,51.7,61.5,59.0,Similar superstar presence + roster depth,Similar superstar presence trend + offensive rank trend
LA Clippers,2023-24 / 2024-25 / 2025-26,2023-24 / 2024-25 / 2025-26,0.562,2.6,0.0,1,Kawhi Leonard,Darius Garland,29,31,-0.069,-1.7,0.0,5,pessimistic,Chicago Bulls,2014-15 / 2015-16 / 2016-17,2016-17,133,113,0.532,0.4,Jimmy Butler III,Dwyane Wade,"Jimmy Butler III, Dwyane Wade, Rajon Rondo, Robin Lopez, Nikola Mirotic",-0.055,-1.4,0.0,0.329,0.268,0.299,0,0.0,57.2,60.0,74.4,Similar superstar presence + roster depth,Similar superstar presence trend + net rating trend
Los Angeles Lakers,2023-24 / 2024-25 / 2025-26,2023-24 / 2024-25 / 2025-26,0.599,0.7,0.75,2,Luka Dončić,LeBron James,37,24,0.017,-0.1,0.5,1,top_1,Minnesota Timberwolves,1998-99 / 1999-00 / 2000-01,2000-01,122,92,0.568,1.6,Kevin Garnett,Terrell Brandon,"Kevin Garnett, Terrell Brandon, Wally Szczerbiak, LaPhonso Ellis, Chauncey Billups",0.037,0.6,0.5,0.61,0.622,0.616,0,1.0,47.1,48.5,73.3,Similar superstar presence + offensive rank,Similar superstar presence trend + offensive rank trend
Los Angeles Lakers,2023-24 / 2024-25 / 2025-26,2023-24 / 2024-25 / 2025-26,0.599,0.7,0.75,2,Luka Dončić,LeBron James,37,24,0.017,-0.1,0.5,2,top_2,Minnesota Timberwolves,1997-98 / 1998-99 / 1999-00,1999-00,120,94,0.556,1.4,Kevin Garnett,Terrell Brandon,"Kevin Garnett, Terrell Brandon, Joe Smith, Malik Sealy, Wally Szczerbiak",0.03,0.8,0.5,0.573,0.61,0.591,0,0.0,43.0,48.6,55.7,Similar net rating + offensive rank,Similar superstar presence trend + win percentage trend
Los Angeles Lakers,2023-24 / 2024-25 / 2025-26,2023-24 / 2024-25 / 2025-26,0.599,0.7,0.75,2,Luka Dončić,LeBron James,37,24,0.017,-0.1,0.5,3,top_3,Philadelphia 76ers,2019-20 / 2020-21 / 2021-22,2021-22,143,84,0.634,3.6,Joel Embiid,James Harden,"Joel Embiid, James Harden, Tobias Harris, Tyrese Maxey, DeAndre Jordan",0.016,0.2,0.5,0.659,0.573,0.616,2,1.0,39.8,40.4,73.8,Similar 2nd player quality + star players lost,Similar superstar presence trend + win percentage trend
Los Angeles Lakers,2023-24 / 2024-25 / 2025-26,2023-24 / 2024-25 / 2025-26,0.599,0.7,0.75,2,Luka Dončić,LeBron James,37,24,0.017,-0.1,0.5,4,optimistic,San Antonio Spurs,1995-96 / 1996-97 / 1997-98,1997-98,76,88,0.483,-1.3,David Robinson,Tim Duncan,"Tim Duncan, David Robinson, Avery Johnson, Will Perdue, Jaren Jackson",0.092,2.2,0.5,0.74,0.646,0.693,5,1.0,38.7,51.6,43.8,Similar roster potential + star players gained,Similar superstar presence trend + roster depth trend
Los Angeles Lakers,2023-24 / 2024-25 / 2025-26,2023-24 / 2024-25 / 2025-26,0.599,0.7,0.75,2,Luka Dončić,LeBron James,37,24,0.017,-0.1,0.5,5,pessimistic,New Orleans Pelicans,2016-17 / 2017-18 / 2018-19,2018-19,115,131,0.47,-0.7,Anthony Davis,Jrue Holiday,"Anthony Davis, Julius Randle, Jrue Holiday, Elfrid Payton, Stanley Johnson",-0.006,0.4,0.0,0.417,0.431,0.424,0,0.0,35.7,42.7,45.4,Similar roster depth + star players lost,Similar roster depth trend + net rating trend
Memphis Grizzlies,2023-24 / 2024-25 / 2025-26,2023-24 / 2024-25 / 2025-26,0.441,-0.9,0.0,0,Cam Spencer,Cedric Coward,23,37,0.027,2.4,0.0,1,top_1,Miami Heat,2001-02 / 2002-03 / 2003-04,2003-04,103,143,0.421,-2.3,Lamar Odom,Eddie Jones,"Lamar Odom, Eddie Jones, Dwyane Wade, Rafer Alston, Brian Grant",0.037,1.0,0.0,0.72,0.634,0.677,3,5.0,65.6,72.2,73.7,Similar superstar presence + 2nd player quality,Similar superstar presence trend + offensive rank trend
Memphis Grizzlies,2023-24 / 2024-25 / 2025-26,2023-24 / 2024-25 / 2025-26,0.441,-0.9,0.0,0,Cam Spencer,Cedric Coward,23,37,0.027,2.4,0.0,2,top_2,Washington Wizards,2002-03 / 2003-04 / 2004-05,2004-05,107,139,0.439,-2.4,Gilbert Arenas,Antawn Jamison,"Gilbert Arenas, Larry Hughes, Antawn Jamison, Brendan Haywood, Juan Dixon",0.049,0.4,0.0,0.512,0.5,0.506,1,1.0,56.4,69.3,61.2,Similar superstar presence + win percentage,Similar superstar presence trend + 2nd player quality trend
Memphis Grizzlies,2023-24 / 2024-25 / 2025-26,2023-24 / 2024-25 / 2025-26,0.441,-0.9,0.0,0,Cam Spencer,Cedric Coward,23,37,0.027,2.4,0.0,3,top_3,Orlando Magic,1996-97 / 1997-98 / 1998-99,1998-99,119,95,0.576,0.5,Anfernee Hardaway,Darrell Armstrong,"Darrell Armstrong, Anfernee Hardaway, Nick Anderson, Horace Grant, Ike Austin",0.056,1.6,0.0,0.5,0.524,0.512,0,0.0,56.0,61.6,67.7,Similar superstar presence + 2nd player quality,Similar superstar presence trend + top player quality trend
Memphis Grizzlies,2023-24 / 2024-25 / 2025-26,2023-24 / 2024-25 / 2025-26,0.441,-0.9,0.0,0,Cam Spencer,Cedric Coward,23,37,0.027,2.4,0.0,4,optimistic,Miami Heat,2001-02 / 2002-03 / 2003-04,2003-04,103,143,0.421,-2.3,Lamar Odom,Eddie Jones,"Lamar Odom, Eddie Jones, Dwyane Wade, Rafer Alston, Brian Grant",0.037,1.0,0.0,0.72,0.634,0.677,3,5.0,65.6,72.2,73.7,Similar superstar presence + 2nd player quality,Similar superstar presence trend + offensive rank trend
Memphis Grizzlies,2023-24 / 2024-25 / 2025-26,2023-24 / 2024-25 / 2025-26,0.441,-0.9,0.0,0,Cam Spencer,Cedric Coward,23,37,0.027,2.4,0.0,5,pessimistic,Phoenix Suns,2012-13 / 2013-14 / 2014-15,2014-15,112,134,0.471,-1.2,Eric Bledsoe,Markieff Morris,"Eric Bledsoe, Markieff Morris, Brandon Knight, Marcus Morris Sr., P.J. Tucker",0.086,2.8,0.0,0.28,0.293,0.287,0,0.0,50.1,60.4,57.2,Similar superstar presence + 2nd player quality,Similar superstar presence trend + roster depth trend
Miami Heat,2023-24 / 2024-25 / 2025-26,2023-24 / 2024-25 / 2025-26,0.511,1.8,0.0,1,Bam Adebayo,Kel'el Ware,33,29,-0.014,0.5,0.0,1,top_1,Miami Heat,2017-18 / 2018-19 / 2019-20,2019-20,127,110,0.542,1.0,Jimmy Butler III,Bam Adebayo,"Bam Adebayo, Jimmy Butler III, Goran Dragic, Kendrick Nunn, Jae Crowder",0.033,1.2,0.0,0.556,0.646,0.601,1,3.0,66.0,79.1,69.3,Similar superstar presence + 2nd player quality,Similar superstar presence trend + top player quality trend
Miami Heat,2023-24 / 2024-25 / 2025-26,2023-24 / 2024-25 / 2025-26,0.511,1.8,0.0,1,Bam Adebayo,Kel'el Ware,33,29,-0.014,0.5,0.0,2,top_2,Miami Heat,2015-16 / 2016-17 / 2017-18,2017-18,133,113,0.536,0.9,Hassan Whiteside,Goran Dragic,"Hassan Whiteside, Goran Dragic, Kelly Olynyk, Josh Richardson, James Johnson",-0.024,-0.6,0.0,0.476,0.603,0.539,1,4.0,65.4,81.8,67.6,Similar superstar presence + star players lost,Similar superstar presence trend + roster depth trend
Miami Heat,2023-24 / 2024-25 / 2025-26,2023-24 / 2024-25 / 2025-26,0.511,1.8,0.0,1,Bam Adebayo,Kel'el Ware,33,29,-0.014,0.5,0.0,3,top_3,Indiana Pacers,2014-15 / 2015-16 / 2016-17,2016-17,125,121,0.513,0.5,Paul George,Jeff Teague,"Paul George, Jeff Teague, Myles Turner, Al Jefferson, Thaddeus Young",0.025,-0.2,0.0,0.585,0.585,0.585,1,0.0,63.3,81.0,65.4,Similar superstar presence + top player quality,Similar superstar presence trend + offensive rank trend
Miami Heat,2023-24 / 2024-25 / 2025-26,2023-24 / 2024-25 / 2025-26,0.511,1.8,0.0,1,Bam Adebayo,Kel'el Ware,33,29,-0.014,0.5,0.0,4,optimistic,Miami Heat,2016-17 / 2017-18 / 2018-19,2018-19,124,122,0.503,0.2,Hassan Whiteside,Dwyane Wade,"Hassan Whiteside, Dwyane Wade, Josh Richardson, Bam Adebayo, Justise Winslow",-0.012,-0.7,0.0,0.603,0.556,0.579,4,1.0,61.2,74.0,65.4,Similar superstar presence + star players gained,Similar superstar presence trend + win percentage trend
Miami Heat,2023-24 / 2024-25 / 2025-26,2023-24 / 2024-25 / 2025-26,0.511,1.8,0.0,1,Bam Adebayo,Kel'el Ware,33,29,-0.014,0.5,0.0,5,pessimistic,Washington Wizards,2015-16 / 2016-17 / 2017-18,2017-18,133,113,0.544,0.6,John Wall,Bradley Beal,"Bradley Beal, Otto Porter Jr., John Wall, Marcin Gortat, Markieff Morris",0.012,0.5,0.0,0.39,0.347,0.369,0,0.0,60.6,64.9,73.4,Similar superstar presence + win percentage,Similar superstar presence trend + net rating trend
Milwaukee Bucks,2023-24 / 2024-25 / 2025-26,2023-24 / 2024-25 / 2025-26,0.528,-0.1,1.0,0,Giannis Antetokounmpo,Kevin Porter Jr.,26,34,-0.082,-3.3,0.0,1,top_1,Minnesota Timberwolves,2003-04 / 2004-05 / 2005-06,2005-06,135,111,0.526,1.2,Kevin Garnett,Ricky Davis,"Kevin Garnett, Ricky Davis, Mark Blount, Marko Jaric, Eddie Griffin",-0.152,-3.9,0.0,0.39,0.268,0.329,0,0.0,52.0,57.7,64.1,Similar superstar presence + star players gained,Similar superstar presence trend + defensive rank trend
Milwaukee Bucks,2023-24 / 2024-25 / 2025-26,2023-24 / 2024-25 / 2025-26,0.528,-0.1,1.0,0,Giannis Antetokounmpo,Kevin Porter Jr.,26,34,-0.082,-3.3,0.0,2,top_2,Dallas Mavericks,2020-21 / 2021-22 / 2022-23,2022-23,132,104,0.553,1.7,Luka Dončić,Kyrie Irving,"Luka Dončić, Kyrie Irving, Christian Wood, Tim Hardaway Jr., Reggie Bullock Jr.",-0.06,-1.2,0.0,0.61,0.476,0.543,4,1.0,51.3,66.8,55.3,Similar superstar presence + roster depth,Similar superstar presence trend + defensive rank trend
Milwaukee Bucks,2023-24 / 2024-25 / 2025-26,2023-24 / 2024-25 / 2025-26,0.528,-0.1,1.0,0,Giannis Antetokounmpo,Kevin Porter Jr.,26,34,-0.082,-3.3,0.0,3,top_3,Cleveland Cavaliers,2005-06 / 2006-07 / 2007-08,2007-08,145,101,0.585,1.6,LeBron James,Zydrunas Ilgauskas,"LeBron James, Zydrunas Ilgauskas, Joe Smith, Ben Wallace, Wally Szczerbiak",-0.03,-1.4,0.0,0.805,0.744,0.774,3,2.0,50.3,57.8,60.0,Similar superstar presence + top player quality,Similar superstar presence trend + top player quality trend
Milwaukee Bucks,2023-24 / 2024-25 / 2025-26,2023-24 / 2024-25 / 2025-26,0.528,-0.1,1.0,0,Giannis Antetokounmpo,Kevin Porter Jr.,26,34,-0.082,-3.3,0.0,4,optimistic,Denver Nuggets,2019-20 / 2020-21 / 2021-22,2021-22,141,86,0.62,3.1,Nikola Jokić,Aaron Gordon,"Nikola Jokić, Aaron Gordon, Will Barton, Monte Morris, Bones Hyland",-0.022,0.0,0.0,0.646,0.695,0.671,5,2.0,38.0,46.8,46.0,Similar superstar presence + top player quality,Similar superstar presence trend + 2nd player quality trend
Milwaukee Bucks,2023-24 / 2024-25 / 2025-26,2023-24 / 2024-25 / 2025-26,0.528,-0.1,1.0,0,Giannis Antetokounmpo,Kevin Porter Jr.,26,34,-0.082,-3.3,0.0,5,pessimistic,Cleveland Cavaliers,2015-16 / 2016-17 / 2017-18,2017-18,158,88,0.635,3.1,LeBron James,Kevin Love,"LeBron James, Kevin Love, Jordan Clarkson, Larry Nance Jr., Jeff Green",-0.043,-2.6,0.0,0.232,0.292,0.262,0,0.0,41.2,43.0,64.9,Similar superstar presence + top player quality,Similar superstar presence trend + roster depth trend
Minnesota Timberwolves,2023-24 / 2024-25 / 2025-26,2023-24 / 2024-25 / 2025-26,0.631,5.0,0.0,1,Anthony Edwards,Julius Randle,39,23,-0.027,-1.0,0.0,1,top_1,Boston Celtics,2018-19 / 2019-20 / 2020-21,2020-21,133,93,0.583,3.8,Jayson Tatum,Jaylen Brown,"Jayson Tatum, Jaylen Brown, Robert Williams III, Moses Brown, Marcus Smart",-0.049,-1.5,0.0,0.622,0.695,0.659,4,3.0,75.2,79.0,83.7,Similar superstar presence + star players lost,Similar superstar presence trend + top player quality trend
Minnesota Timberwolves,2023-24 / 2024-25 / 2025-26,2023-24 / 2024-25 / 2025-26,0.631,5.0,0.0,1,Anthony Edwards,Julius Randle,39,23,-0.027,-1.0,0.0,2,top_2,Houston Rockets,2006-07 / 2007-08 / 2008-09,2008-09,160,86,0.652,4.6,Yao Ming,Tracy McGrady,"Yao Ming, Luis Scola, Metta World Peace, Tracy McGrady, Aaron Brooks",0.006,-0.4,0.0,0.512,0.524,0.518,0,0.0,62.0,68.2,71.4,Similar superstar presence + net rating,Similar superstar presence trend + roster depth trend
Minnesota Timberwolves,2023-24 / 2024-25 / 2025-26,2023-24 / 2024-25 / 2025-26,0.631,5.0,0.0,1,Anthony Edwards,Julius Randle,39,23,-0.027,-1.0,0.0,3,top_3,Utah Jazz,2017-18 / 2018-19 / 2019-20,2019-20,142,94,0.604,3.9,Rudy Gobert,Donovan Mitchell,"Rudy Gobert, Donovan Mitchell, Bojan Bogdanovic, Jordan Clarkson, Joe Ingles",0.013,-1.0,0.0,0.722,0.598,0.66,2,1.0,60.7,67.9,69.3,Similar superstar presence + defensive rank,Similar superstar presence trend + net rating trend
Minnesota Timberwolves,2023-24 / 2024-25 / 2025-26,2023-24 / 2024-25 / 2025-26,0.631,5.0,0.0,1,Anthony Edwards,Julius Randle,39,23,-0.027,-1.0,0.0,4,optimistic,Boston Celtics,2018-19 / 2019-20 / 2020-21,2020-21,133,93,0.583,3.8,Jayson Tatum,Jaylen Brown,"Jayson Tatum, Jaylen Brown, Robert Williams III, Moses Brown, Marcus Smart",-0.049,-1.5,0.0,0.622,0.695,0.659,4,3.0,75.2,79.0,83.7,Similar superstar presence + star players lost,Similar superstar presence trend + top player quality trend
Minnesota Timberwolves,2023-24 / 2024-25 / 2025-26,2023-24 / 2024-25 / 2025-26,0.631,5.0,0.0,1,Anthony Edwards,Julius Randle,39,23,-0.027,-1.0,0.0,5,pessimistic,Atlanta Hawks,1996-97 / 1997-98 / 1998-99,1998-99,137,77,0.632,4.2,Dikembe Mutombo,Mookie Blaylock,"Dikembe Mutombo, Mookie Blaylock, Steven Smith, Grant Long, Alan Henderson",-0.031,-1.6,0.0,0.341,0.305,0.323,0,0.0,60.2,75.7,63.4,Similar superstar presence + win percentage,Similar superstar presence trend + 2nd player quality trend
New Orleans Pelicans,2023-24 / 2024-25 / 2025-26,2023-24 / 2024-25 / 2025-26,0.36,-4.2,0.0,0,Zion Williamson,Trey Murphy III,19,44,-0.148,-4.9,0.0,1,top_1,Sacramento Kings,2006-07 / 2007-08 / 2008-09,2008-09,88,158,0.346,-4.8,Kevin Martin,Jason Thompson,"Spencer Hawes, Jason Thompson, Kevin Martin, Beno Udrih, Andres Nocioni",-0.098,-3.7,0.0,0.305,0.293,0.299,0,0.0,62.6,84.4,63.8,Similar superstar presence + roster depth,Similar superstar presence trend + roster potential trend
New Orleans Pelicans,2023-24 / 2024-25 / 2025-26,2023-24 / 2024-25 / 2025-26,0.36,-4.2,0.0,0,Zion Williamson,Trey Murphy III,19,44,-0.148,-4.9,0.0,2,top_2,Brooklyn Nets,2013-14 / 2014-15 / 2015-16,2015-16,103,143,0.399,-4.3,Brook Lopez,Thaddeus Young,"Brook Lopez, Thaddeus Young, Jarrett Jack, Donald Sloan, Shane Larkin",-0.14,-3.1,0.0,0.244,0.341,0.293,0,0.0,61.6,85.2,62.6,Similar superstar presence + net rating,Similar superstar presence trend + offensive rank trend
New Orleans Pelicans,2023-24 / 2024-25 / 2025-26,2023-24 / 2024-25 / 2025-26,0.36,-4.2,0.0,0,Zion Williamson,Trey Murphy III,19,44,-0.148,-4.9,0.0,3,top_3,Toronto Raptors,1995-96 / 1996-97 / 1997-98,1997-98,46,118,0.331,-5.0,Marcus Camby,Doug Christie,"Doug Christie, Marcus Camby, John Wallace, Gary Trent, Chauncey Billups",-0.152,-4.8,0.0,0.46,0.549,0.504,0,1.0,61.2,84.0,62.4,Similar superstar presence + 2nd player quality,Similar superstar presence trend + win percentage trend
New Orleans Pelicans,2023-24 / 2024-25 / 2025-26,2023-24 / 2024-25 / 2025-26,0.36,-4.2,0.0,0,Zion Williamson,Trey Murphy III,19,44,-0.148,-4.9,0.0,4,optimistic,Miami Heat,2000-01 / 2001-02 / 2002-03,2002-03,111,135,0.428,-2.3,Eddie Jones,Brian Grant,"Brian Grant, Caron Butler, Eddie Jones, Vladimir Stepania, Malik Allen",-0.152,-4.0,0.0,0.512,0.72,0.616,2,3.0,54.0,57.8,69.5,Similar superstar presence + star players lost,Similar superstar presence trend + win percentage trend
New Orleans Pelicans,2023-24 / 2024-25 / 2025-26,2023-24 / 2024-25 / 2025-26,0.36,-4.2,0.0,0,Zion Williamson,Trey Murphy III,19,44,-0.148,-4.9,0.0,5,pessimistic,Phoenix Suns,2013-14 / 2014-15 / 2015-16,2015-16,110,136,0.425,-2.3,Tyson Chandler,Brandon Knight,"Jon Leuer, Mirza Teletovic, Brandon Knight, Tyson Chandler, T.J. Warren",-0.152,-4.5,0.0,0.293,0.256,0.274,0,0.0,54.5,65.6,60.6,Similar superstar presence + roster potential,Similar superstar presence trend + win percentage trend
New York Knicks,2023-24 / 2024-25 / 2025-26,2023-24 / 2024-25 / 2025-26,0.628,5.1,0.0,2,Karl-Anthony Towns,Jalen Brunson,40,22,0.018,0.7,0.0,1,top_1,Portland Trail Blazers,1996-97 / 1997-98 / 1998-99,1998-99,130,84,0.626,4.2,Arvydas Sabonis,Damon Stoudamire,"Arvydas Sabonis, Damon Stoudamire, Brian Grant, Rasheed Wallace, Isaiah Rider",0.051,1.2,0.0,0.72,0.61,0.665,3,1.0,70.2,75.6,78.4,Similar superstar presence + star players gained,Similar superstar presence trend + defensive rank trend
New York Knicks,2023-24 / 2024-25 / 2025-26,2023-24 / 2024-25 / 2025-26,0.628,5.1,0.0,2,Karl-Anthony Towns,Jalen Brunson,40,22,0.018,0.7,0.0,2,top_2,Toronto Raptors,2015-16 / 2016-17 / 2017-18,2017-18,166,80,0.676,5.7,DeMar DeRozan,Kyle Lowry,"DeMar DeRozan, Kyle Lowry, Jonas Valančiūnas, Serge Ibaka, Fred VanVleet",0.018,1.6,0.0,0.707,0.736,0.722,5,2.0,70.2,80.1,74.3,Similar superstar presence + star players lost,Similar superstar presence trend + win percentage trend
New York Knicks,2023-24 / 2024-25 / 2025-26,2023-24 / 2024-25 / 2025-26,0.628,5.1,0.0,2,Karl-Anthony Towns,Jalen Brunson,40,22,0.018,0.7,0.0,3,top_3,Toronto Raptors,2014-15 / 2015-16 / 2016-17,2016-17,156,90,0.637,4.0,DeMar DeRozan,Kyle Lowry,"DeMar DeRozan, Kyle Lowry, Jonas Valančiūnas, Serge Ibaka, Cory Joseph",0.012,0.6,0.0,0.72,0.707,0.713,1,5.0,67.7,74.3,75.1,Similar superstar presence + offensive rank,Similar superstar presence trend + net rating trend
New York Knicks,2023-24 / 2024-25 / 2025-26,2023-24 / 2024-25 / 2025-26,0.628,5.1,0.0,2,Karl-Anthony Towns,Jalen Brunson,40,22,0.018,0.7,0.0,4,optimistic,Toronto Raptors,2015-16 / 2016-17 / 2017-18,2017-18,166,80,0.676,5.7,DeMar DeRozan,Kyle Lowry,"DeMar DeRozan, Kyle Lowry, Jonas Valančiūnas, Serge Ibaka, Fred VanVleet",0.018,1.6,0.0,0.707,0.736,0.722,5,2.0,70.2,80.1,74.3,Similar superstar presence + star players lost,Similar superstar presence trend + win percentage trend
New York Knicks,2023-24 / 2024-25 / 2025-26,2023-24 / 2024-25 / 2025-26,0.628,5.1,0.0,2,Karl-Anthony Towns,Jalen Brunson,40,22,0.018,0.7,0.0,5,pessimistic,Houston Rockets,2006-07 / 2007-08 / 2008-09,2008-09,160,86,0.652,4.6,Yao Ming,Tracy McGrady,"Yao Ming, Luis Scola, Metta World Peace, Tracy McGrady, Aaron Brooks",0.006,-0.4,0.0,0.512,0.524,0.518,0,0.0,58.7,64.8,69.0,Similar superstar presence + 2nd player quality,Similar superstar presence trend + win percentage trend
Oklahoma City Thunder,2023-24 / 2024-25 / 2025-26,2023-24 / 2024-25 / 2025-26,0.769,10.7,1.0,2,Shai Gilgeous-Alexander,Chet Holmgren,48,15,0.033,1.9,0.0,1,top_1,San Antonio Spurs,2004-05 / 2005-06 / 2006-07,2006-07,180,66,0.732,8.4,Tim Duncan,Tony Parker,"Tim Duncan, Manu Ginobili, Tony Parker, Michael Finley, Brent Barry",-0.006,0.4,0.0,0.683,0.659,0.671,3,1.0,44.6,55.7,51.1,Similar superstar presence + top player quality,Similar superstar presence trend + defensive rank trend
Oklahoma City Thunder,2023-24 / 2024-25 / 2025-26,2023-24 / 2024-25 / 2025-26,0.769,10.7,1.0,2,Shai Gilgeous-Alexander,Chet Holmgren,48,15,0.033,1.9,0.0,2,top_2,San Antonio Spurs,2003-04 / 2004-05 / 2005-06,2005-06,179,67,0.733,7.9,Tim Duncan,Tony Parker,"Tim Duncan, Tony Parker, Manu Ginobili, Nazr Mohammed, Michael Finley",0.037,-0.2,0.0,0.707,0.683,0.695,5,3.0,40.0,53.6,45.0,Similar superstar presence + top player quality,Similar superstar presence trend + win percentage trend
Oklahoma City Thunder,2023-24 / 2024-25 / 2025-26,2023-24 / 2024-25 / 2025-26,0.769,10.7,1.0,2,Shai Gilgeous-Alexander,Chet Holmgren,48,15,0.033,1.9,0.0,3,top_3,San Antonio Spurs,2002-03 / 2003-04 / 2004-05,2004-05,176,70,0.714,7.5,Tim Duncan,Tony Parker,"Tim Duncan, Tony Parker, Manu Ginobili, Nazr Mohammed, Rasho Nesterovic",-0.006,1.3,0.0,0.768,0.707,0.738,2,5.0,39.8,49.9,46.8,Similar superstar presence + defensive rank,Similar superstar presence trend + defensive rank trend
Oklahoma City Thunder,2023-24 / 2024-25 / 2025-26,2023-24 / 2024-25 / 2025-26,0.769,10.7,1.0,2,Shai Gilgeous-Alexander,Chet Holmgren,48,15,0.033,1.9,0.0,4,optimistic,Golden State Warriors,2013-14 / 2014-15 / 2015-16,2015-16,191,55,0.798,8.9,Stephen Curry,Draymond Green,"Stephen Curry, Draymond Green, Klay Thompson, Andrew Bogut, Marreese Speights",0.134,2.8,0.5,0.817,0.707,0.762,5,5.0,39.7,62.8,41.7,Similar offensive rank + star players lost,Similar roster depth trend + 2nd player quality trend
Oklahoma City Thunder,2023-24 / 2024-25 / 2025-26,2023-24 / 2024-25 / 2025-26,0.769,10.7,1.0,2,Shai Gilgeous-Alexander,Chet Holmgren,48,15,0.033,1.9,0.0,5,pessimistic,Orlando Magic,2008-09 / 2009-10 / 2010-11,2010-11,170,76,0.685,6.8,Dwight Howard,Jameer Nelson,"Dwight Howard, Jameer Nelson, Jason Richardson, Hedo Turkoglu, Ryan Anderson",-0.043,-0.8,0.0,0.561,0.244,0.402,0,0.0,37.6,43.3,49.5,Similar superstar presence + top player quality,Similar superstar presence trend + offensive rank trend
Orlando Magic,2023-24 / 2024-25 / 2025-26,2023-24 / 2024-25 / 2025-26,0.532,0.6,0.0,0,Paolo Banchero,Franz Wagner,32,28,-0.02,-1.0,0.0,1,top_1,Indiana Pacers,2015-16 / 2016-17 / 2017-18,2017-18,135,111,0.551,0.9,Victor Oladipo,Myles Turner,"Victor Oladipo, Domantas Sabonis, Thaddeus Young, Darren Collison, Myles Turner",0.018,-0.2,0.0,0.585,0.616,0.601,0,1.0,63.5,75.6,67.7,Similar superstar presence + star players gained,Similar superstar presence trend + defensive rank trend
Orlando Magic,2023-24 / 2024-25 / 2025-26,2023-24 / 2024-25 / 2025-26,0.532,0.6,0.0,0,Paolo Banchero,Franz Wagner,32,28,-0.02,-1.0,0.0,2,top_2,Miami Heat,2016-17 / 2017-18 / 2018-19,2018-19,124,122,0.503,0.2,Hassan Whiteside,Dwyane Wade,"Hassan Whiteside, Dwyane Wade, Josh Richardson, Bam Adebayo, Justise Winslow",-0.012,-0.7,0.0,0.603,0.556,0.579,4,1.0,59.7,66.0,69.6,Similar superstar presence + offensive rank,Similar superstar presence trend + roster depth trend
Orlando Magic,2023-24 / 2024-25 / 2025-26,2023-24 / 2024-25 / 2025-26,0.532,0.6,0.0,0,Paolo Banchero,Franz Wagner,32,28,-0.02,-1.0,0.0,3,top_3,Charlotte Bobcats,2008-09 / 2009-10 / 2010-11,2010-11,113,133,0.461,-1.3,Stephen Jackson,Boris Diaw,"D.J. Augustin, Stephen Jackson, Boris Diaw, Tyrus Thomas, Kwame Brown",-0.006,-1.5,0.0,0.106,0.256,0.181,0,0.0,58.6,66.1,67.3,Similar superstar presence + roster potential,Similar superstar presence trend + defensive rank trend
Orlando Magic,2023-24 / 2024-25 / 2025-26,2023-24 / 2024-25 / 2025-26,0.532,0.6,0.0,0,Paolo Banchero,Franz Wagner,32,28,-0.02,-1.0,0.0,4,optimistic,Miami Heat,2018-19 / 2019-20 / 2020-21,2020-21,123,104,0.552,0.8,Bam Adebayo,Jimmy Butler III,"Bam Adebayo, Jimmy Butler III, Tyler Herro, Victor Oladipo, Duncan Robinson",0.04,0.2,0.0,0.646,0.537,0.591,3,4.0,55.5,66.0,62.0,Similar superstar presence + star players lost,Similar superstar presence trend + roster depth trend
Orlando Magic,2023-24 / 2024-25 / 2025-26,2023-24 / 2024-25 / 2025-26,0.532,0.6,0.0,0,Paolo Banchero,Franz Wagner,32,28,-0.02,-1.0,0.0,5,pessimistic,Charlotte Bobcats,2008-09 / 2009-10 / 2010-11,2010-11,113,133,0.461,-1.3,Stephen Jackson,Boris Diaw,"D.J. Augustin, Stephen Jackson, Boris Diaw, Tyrus Thomas, Kwame Brown",-0.006,-1.5,0.0,0.106,0.256,0.181,0,0.0,58.6,66.1,67.3,Similar superstar presence + roster potential,Similar superstar presence trend + defensive rank trend
Philadelphia 76ers,2023-24 / 2024-25 / 2025-26,2023-24 / 2024-25 / 2025-26,0.462,-1.5,0.0,2,Joel Embiid,Tyrese Maxey,33,28,-0.016,-1.7,0.0,1,top_1,Indiana Pacers,2005-06 / 2006-07 / 2007-08,2007-08,112,134,0.45,-0.9,Mike Dunleavy,Jermaine O'Neal,"Danny Granger, Mike Dunleavy, Troy Murphy, Jeff Foster, Jermaine O'Neal",-0.03,-1.6,0.0,0.439,0.39,0.415,0,0.0,63.4,64.4,85.7,Similar superstar presence + win percentage,Similar superstar presence trend + net rating trend
Philadelphia 76ers,2023-24 / 2024-25 / 2025-26,2023-24 / 2024-25 / 2025-26,0.462,-1.5,0.0,2,Joel Embiid,Tyrese Maxey,33,28,-0.016,-1.7,0.0,2,top_2,Houston Rockets,1999-00 / 2000-01 / 2001-02,2001-02,107,139,0.432,-1.5,Steve Francis,Cuttino Mobley,"Steve Francis, Cuttino Mobley, Kenny Thomas, Moochie Norris, Eddie Griffin",-0.037,-2.3,0.0,0.524,0.549,0.537,0,1.0,61.3,76.9,64.3,Similar superstar presence + net rating,Similar superstar presence trend + defensive rank trend
Philadelphia 76ers,2023-24 / 2024-25 / 2025-26,2023-24 / 2024-25 / 2025-26,0.462,-1.5,0.0,2,Joel Embiid,Tyrese Maxey,33,28,-0.016,-1.7,0.0,3,top_3,Milwaukee Bucks,1995-96 / 1996-97 / 1997-98,1997-98,69,95,0.441,-1.6,Terrell Brandon,Glenn Robinson,"Ray Allen, Terrell Brandon, Glenn Robinson, Ervin Johnson, Armen Gilliam",-0.03,-1.1,0.0,0.56,0.512,0.536,0,2.0,60.5,66.9,70.2,Similar superstar presence + defensive rank,Similar superstar presence trend + top player quality trend
Philadelphia 76ers,2023-24 / 2024-25 / 2025-26,2023-24 / 2024-25 / 2025-26,0.462,-1.5,0.0,2,Joel Embiid,Tyrese Maxey,33,28,-0.016,-1.7,0.0,4,optimistic,Indiana Pacers,2020-21 / 2021-22 / 2022-23,2022-23,94,142,0.395,-2.6,Tyrese Haliburton,Buddy Hield,"Tyrese Haliburton, Myles Turner, Buddy Hield, T.J. McConnell, Bennedict Mathurin",-0.023,-1.7,0.0,0.573,0.61,0.591,3,4.0,57.7,58.9,81.8,Similar superstar presence + roster depth,Similar superstar presence trend + net rating trend
Philadelphia 76ers,2023-24 / 2024-25 / 2025-26,2023-24 / 2024-25 / 2025-26,0.462,-1.5,0.0,2,Joel Embiid,Tyrese Maxey,33,28,-0.016,-1.7,0.0,5,pessimistic,New Jersey Nets,2006-07 / 2007-08 / 2008-09,2008-09,109,137,0.436,-3.2,Vince Carter,Devin Harris,"Vince Carter, Devin Harris, Brook Lopez, Keyon Dooling, Yi Jianlian",-0.043,-0.9,0.0,0.146,0.293,0.22,0,0.0,58.2,65.6,67.2,Similar superstar presence + roster depth,Similar superstar presence trend + offensive rank trend
Phoenix Suns,2023-24 / 2024-25 / 2025-26,2023-24 / 2024-25 / 2025-26,0.533,0.1,0.0,1,Devin Booker,Mark Williams,35,26,-0.012,-1.1,0.0,1,top_1,San Antonio Spurs,2018-19 / 2019-20 / 2020-21,2020-21,113,112,0.487,-0.5,DeMar DeRozan,Dejounte Murray,"DeMar DeRozan, Dejounte Murray, Jakob Poeltl, Keldon Johnson, Rudy Gay",-0.064,-1.6,0.0,0.415,0.268,0.341,0,0.0,71.5,79.4,76.7,Similar superstar presence + net rating,Similar superstar presence trend + top player quality trend
Phoenix Suns,2023-24 / 2024-25 / 2025-26,2023-24 / 2024-25 / 2025-26,0.533,0.1,0.0,1,Devin Booker,Mark Williams,35,26,-0.012,-1.1,0.0,2,top_2,Chicago Bulls,2014-15 / 2015-16 / 2016-17,2016-17,133,113,0.532,0.4,Jimmy Butler III,Dwyane Wade,"Jimmy Butler III, Dwyane Wade, Rajon Rondo, Robin Lopez, Nikola Mirotic",-0.055,-1.4,0.0,0.329,0.268,0.299,0,0.0,66.1,72.2,74.8,Similar superstar presence + win percentage,Similar superstar presence trend + roster potential trend
Phoenix Suns,2023-24 / 2024-25 / 2025-26,2023-24 / 2024-25 / 2025-26,0.533,0.1,0.0,1,Devin Booker,Mark Williams,35,26,-0.012,-1.1,0.0,3,top_3,Memphis Grizzlies,2014-15 / 2015-16 / 2016-17,2016-17,140,106,0.557,0.2,Marc Gasol,Mike Conley,"Marc Gasol, Mike Conley, Zach Randolph, JaMychal Green, Tony Allen",-0.073,-1.5,0.0,0.268,0.402,0.335,0,0.0,65.2,75.3,70.3,Similar superstar presence + star players gained,Similar superstar presence trend + top player quality trend
Phoenix Suns,2023-24 / 2024-25 / 2025-26,2023-24 / 2024-25 / 2025-26,0.533,0.1,0.0,1,Devin Booker,Mark Williams,35,26,-0.012,-1.1,0.0,4,optimistic,Miami Heat,2015-16 / 2016-17 / 2017-18,2017-18,133,113,0.536,0.9,Hassan Whiteside,Goran Dragic,"Hassan Whiteside, Goran Dragic, Kelly Olynyk, Josh Richardson, James Johnson",-0.024,-0.6,0.0,0.476,0.603,0.539,1,4.0,60.0,66.4,69.6,Similar superstar presence + win percentage,Similar superstar presence trend + offensive rank trend
Phoenix Suns,2023-24 / 2024-25 / 2025-26,2023-24 / 2024-25 / 2025-26,0.533,0.1,0.0,1,Devin Booker,Mark Williams,35,26,-0.012,-1.1,0.0,5,pessimistic,San Antonio Spurs,2019-20 / 2020-21 / 2021-22,2021-22,99,126,0.439,-0.7,Dejounte Murray,Jakob Poeltl,"Dejounte Murray, Jakob Poeltl, Keldon Johnson, Devin Vassell, Lonnie Walker IV",-0.018,0.6,0.0,0.268,0.268,0.268,0,0.0,59.6,73.9,63.3,Similar superstar presence + roster depth,Similar superstar presence trend + win percentage trend
Portland Trail Blazers,2023-24 / 2024-25 / 2025-26,2023-24 / 2024-25 / 2025-26,0.405,-4.4,0.0,0,Deni Avdija,Jrue Holiday,29,33,0.106,3.0,0.0,1,top_1,Brooklyn Nets,2016-17 / 2017-18 / 2018-19,2018-19,90,156,0.385,-2.9,D'Angelo Russell,Jarrett Allen,"D'Angelo Russell, Jarrett Allen, Spencer Dinwiddie, Ed Davis, Joe Harris",0.134,3.2,0.0,0.486,0.667,0.576,1,2.0,70.8,73.7,82.7,Similar superstar presence + star players lost,Similar superstar presence trend + net rating trend
Portland Trail Blazers,2023-24 / 2024-25 / 2025-26,2023-24 / 2024-25 / 2025-26,0.405,-4.4,0.0,0,Deni Avdija,Jrue Holiday,29,33,0.106,3.0,0.0,2,top_2,New York Knicks,2014-15 / 2015-16 / 2016-17,2016-17,80,166,0.34,-4.9,Carmelo Anthony,Kristaps Porziņģis,"Carmelo Anthony, Kristaps Porziņģis, Kyle O'Quinn, Derrick Rose, Willy Hernangomez",0.086,3.2,0.0,0.354,0.207,0.28,0,0.0,62.0,69.3,70.3,Similar superstar presence + 2nd player quality,Similar superstar presence trend + defensive rank trend
Portland Trail Blazers,2023-24 / 2024-25 / 2025-26,2023-24 / 2024-25 / 2025-26,0.405,-4.4,0.0,0,Deni Avdija,Jrue Holiday,29,33,0.106,3.0,0.0,3,top_3,Atlanta Hawks,2004-05 / 2005-06 / 2006-07,2006-07,69,177,0.297,-6.4,Joe Johnson,Josh Smith,"Josh Smith, Joe Johnson, Zaza Pachulia, Marvin Williams, Josh Childress",0.104,2.5,0.0,0.451,0.573,0.512,1,1.0,60.8,61.5,86.8,Similar superstar presence + star players lost,Similar superstar presence trend + top player quality trend
Portland Trail Blazers,2023-24 / 2024-25 / 2025-26,2023-24 / 2024-25 / 2025-26,0.405,-4.4,0.0,0,Deni Avdija,Jrue Holiday,29,33,0.106,3.0,0.0,4,optimistic,Los Angeles Lakers,2015-16 / 2016-17 / 2017-18,2017-18,78,168,0.334,-5.3,Julius Randle,Kyle Kuzma,"Julius Randle, Kyle Kuzma, Brook Lopez, Lonzo Ball, Kentavious Caldwell-Pope",0.11,4.2,0.0,0.451,0.732,0.592,0,5.0,58.7,65.1,68.7,Similar superstar presence + star players lost,Similar superstar presence trend + offensive rank trend
Portland Trail Blazers,2023-24 / 2024-25 / 2025-26,2023-24 / 2024-25 / 2025-26,0.405,-4.4,0.0,0,Deni Avdija,Jrue Holiday,29,33,0.106,3.0,0.0,5,pessimistic,New York Knicks,2014-15 / 2015-16 / 2016-17,2016-17,80,166,0.34,-4.9,Carmelo Anthony,Kristaps Porziņģis,"Carmelo Anthony, Kristaps Porziņģis, Kyle O'Quinn, Derrick Rose, Willy Hernangomez",0.086,3.2,0.0,0.354,0.207,0.28,0,0.0,62.0,69.3,70.3,Similar superstar presence + 2nd player quality,Similar superstar presence trend + defensive rank trend
Sacramento Kings,2023-24 / 2024-25 / 2025-26,2023-24 / 2024-25 / 2025-26,0.4,-3.6,0.0,0,DeMar DeRozan,Russell Westbrook,14,49,-0.169,-6.2,0.0,1,top_1,Los Angeles Clippers,2005-06 / 2006-07 / 2007-08,2007-08,110,136,0.426,-2.7,Corey Maggette,Chris Kaman,"Chris Kaman, Corey Maggette, Al Thornton, Cuttino Mobley, Tim Thomas",-0.146,-4.5,0.0,0.232,0.354,0.293,0,0.0,56.8,67.9,62.6,Similar superstar presence + roster depth,Similar superstar presence trend + roster depth trend
Sacramento Kings,2023-24 / 2024-25 / 2025-26,2023-24 / 2024-25 / 2025-26,0.4,-3.6,0.0,0,DeMar DeRozan,Russell Westbrook,14,49,-0.169,-6.2,0.0,2,top_2,Utah Jazz,2011-12 / 2012-13 / 2013-14,2013-14,104,126,0.442,-3.0,Derrick Favors,Gordon Hayward,"Gordon Hayward, Derrick Favors, Enes Freedom, Alec Burks, Trey Burke",-0.12,-4.0,0.0,0.463,0.488,0.475,0,0.0,51.6,74.0,53.5,Similar superstar presence + top player quality,Similar superstar presence trend + roster depth trend
Sacramento Kings,2023-24 / 2024-25 / 2025-26,2023-24 / 2024-25 / 2025-26,0.4,-3.6,0.0,0,DeMar DeRozan,Russell Westbrook,14,49,-0.169,-6.2,0.0,3,top_3,Milwaukee Bucks,2011-12 / 2012-13 / 2013-14,2013-14,84,146,0.353,-3.8,Brandon Knight,John Henson,"Brandon Knight, John Henson, Ramon Sessions, Khris Middleton, Ersan Ilyasova",-0.143,-4.4,0.0,0.5,0.402,0.451,1,0.0,51.6,62.7,57.9,Similar superstar presence + net rating,Similar superstar presence trend + roster depth trend
Sacramento Kings,2023-24 / 2024-25 / 2025-26,2023-24 / 2024-25 / 2025-26,0.4,-3.6,0.0,0,DeMar DeRozan,Russell Westbrook,14,49,-0.169,-6.2,0.0,4,optimistic,Utah Jazz,2002-03 / 2003-04 / 2004-05,2004-05,115,131,0.449,-1.6,Andrei Kirilenko,Mehmet Okur,"Mehmet Okur, Andrei Kirilenko, Carlos Boozer, Matt Harpring, Gordan Giricek",-0.128,-3.5,0.0,0.5,0.622,0.561,0,3.0,47.0,65.1,50.2,Similar superstar presence + roster depth,Similar superstar presence trend + defensive rank trend
Sacramento Kings,2023-24 / 2024-25 / 2025-26,2023-24 / 2024-25 / 2025-26,0.4,-3.6,0.0,0,DeMar DeRozan,Russell Westbrook,14,49,-0.169,-6.2,0.0,5,pessimistic,Los Angeles Clippers,2005-06 / 2006-07 / 2007-08,2007-08,110,136,0.426,-2.7,Corey Maggette,Chris Kaman,"Chris Kaman, Corey Maggette, Al Thornton, Cuttino Mobley, Tim Thomas",-0.146,-4.5,0.0,0.232,0.354,0.293,0,0.0,56.8,67.9,62.6,Similar superstar presence + roster depth,Similar superstar presence trend + roster depth trend
San Antonio Spurs,2023-24 / 2024-25 / 2025-26,2023-24 / 2024-25 / 2025-26,0.501,0.2,0.4,0,Victor Wembanyama,De'Aaron Fox,44,17,0.227,6.7,0.5,1,top_1,Cleveland Cavaliers,2012-13 / 2013-14 / 2014-15,2014-15,110,136,0.472,-0.6,LeBron James,Kevin Love,"LeBron James, Kyrie Irving, Kevin Love, Timofey Mozgov, Tristan Thompson",0.177,4.9,0.5,0.695,0.622,0.659,5,4.0,45.6,65.8,48.3,Similar superstar presence + roster depth,Similar superstar presence trend + roster potential trend
San Antonio Spurs,2023-24 / 2024-25 / 2025-26,2023-24 / 2024-25 / 2025-26,0.501,0.2,0.4,0,Victor Wembanyama,De'Aaron Fox,44,17,0.227,6.7,0.5,2,top_2,Miami Heat,2007-08 / 2008-09 / 2009-10,2009-10,105,141,0.459,-1.3,Dwyane Wade,Michael Beasley,"Dwyane Wade, Michael Beasley, Jermaine O'Neal, Udonis Haslem, Quentin Richardson",0.195,5.9,0.0,0.707,0.697,0.702,4,5.0,40.2,57.9,43.6,Similar top player quality + roster depth,Similar defensive rank trend + net rating trend
San Antonio Spurs,2023-24 / 2024-25 / 2025-26,2023-24 / 2024-25 / 2025-26,0.501,0.2,0.4,0,Victor Wembanyama,De'Aaron Fox,44,17,0.227,6.7,0.5,3,top_3,Milwaukee Bucks,2016-17 / 2017-18 / 2018-19,2018-19,146,100,0.609,3.3,Giannis Antetokounmpo,Eric Bledsoe,"Giannis Antetokounmpo, Eric Bledsoe, Khris Middleton, Brook Lopez, Malcolm Brogdon",0.11,4.4,0.5,0.767,0.639,0.703,2,5.0,40.1,48.7,48.7,Similar superstar presence + star players gained,Similar superstar presence trend + defensive rank trend
San Antonio Spurs,2023-24 / 2024-25 / 2025-26,2023-24 / 2024-25 / 2025-26,0.501,0.2,0.4,0,Victor Wembanyama,De'Aaron Fox,44,17,0.227,6.7,0.5,4,optimistic,Miami Heat,2007-08 / 2008-09 / 2009-10,2009-10,105,141,0.459,-1.3,Dwyane Wade,Michael Beasley,"Dwyane Wade, Michael Beasley, Jermaine O'Neal, Udonis Haslem, Quentin Richardson",0.195,5.9,0.0,0.707,0.697,0.702,4,5.0,40.2,57.9,43.6,Similar top player quality + roster depth,Similar defensive rank trend + net rating trend
San Antonio Spurs,2023-24 / 2024-25 / 2025-26,2023-24 / 2024-25 / 2025-26,0.501,0.2,0.4,0,Victor Wembanyama,De'Aaron Fox,44,17,0.227,6.7,0.5,5,pessimistic,Atlanta Hawks,2019-20 / 2020-21 / 2021-22,2021-22,104,117,0.484,-0.4,Trae Young,Clint Capela,"Trae Young, Clint Capela, John Collins, Bogdan Bogdanović, Kevin Huerter",0.113,4.5,0.0,0.5,0.439,0.47,1,0.0,36.6,56.6,39.2,Similar star players gained + roster depth,Similar top player quality trend + offensive rank trend
Toronto Raptors,2023-24 / 2024-25 / 2025-26,2023-24 / 2024-25 / 2025-26,0.434,-2.3,0.0,1,Scottie Barnes,RJ Barrett,35,26,0.134,4.0,0.0,1,top_1,Chicago Bulls,2002-03 / 2003-04 / 2004-05,2004-05,100,146,0.419,-3.0,Kirk Hinrich,Ben Gordon,"Kirk Hinrich, Tyson Chandler, Ben Gordon, Eddy Curry, Luol Deng",0.104,3.2,0.0,0.5,0.598,0.549,0,2.0,63.7,68.3,75.0,Similar superstar presence + win percentage,Similar superstar presence trend + roster depth trend
Toronto Raptors,2023-24 / 2024-25 / 2025-26,2023-24 / 2024-25 / 2025-26,0.434,-2.3,0.0,1,Scottie Barnes,RJ Barrett,35,26,0.134,4.0,0.0,2,top_2,Chicago Bulls,2003-04 / 2004-05 / 2005-06,2005-06,111,135,0.471,-0.9,Kirk Hinrich,Ben Gordon,"Kirk Hinrich, Luol Deng, Andres Nocioni, Ben Gordon, Michael Sweetney",0.11,3.6,0.0,0.598,0.402,0.5,2,0.0,61.4,70.9,67.8,Similar superstar presence + 2nd player quality,Similar superstar presence trend + offensive rank trend
Toronto Raptors,2023-24 / 2024-25 / 2025-26,2023-24 / 2024-25 / 2025-26,0.434,-2.3,0.0,1,Scottie Barnes,RJ Barrett,35,26,0.134,4.0,0.0,3,top_3,Orlando Magic,2016-17 / 2017-18 / 2018-19,2018-19,96,150,0.4,-3.0,Nikola Vučević,Aaron Gordon,"Nikola Vučević, Aaron Gordon, Evan Fournier, Terrence Ross, D.J. Augustin",0.079,3.5,0.0,0.452,0.292,0.372,1,0.0,61.1,68.3,69.8,Similar superstar presence + star players gained,Similar superstar presence trend + net rating trend
Toronto Raptors,2023-24 / 2024-25 / 2025-26,2023-24 / 2024-25 / 2025-26,0.434,-2.3,0.0,1,Scottie Barnes,RJ Barrett,35,26,0.134,4.0,0.0,4,optimistic,Utah Jazz,2013-14 / 2014-15 / 2015-16,2015-16,103,143,0.433,-1.1,Derrick Favors,Rudy Gobert,"Derrick Favors, Rudy Gobert, Gordon Hayward, Shelvin Mack, Trevor Booker",0.091,4.7,0.0,0.622,0.585,0.604,2,2.0,54.3,59.7,66.6,Similar superstar presence + defensive rank,Similar superstar presence trend + offensive rank trend
Toronto Raptors,2023-24 / 2024-25 / 2025-26,2023-24 / 2024-25 / 2025-26,0.434,-2.3,0.0,1,Scottie Barnes,RJ Barrett,35,26,0.134,4.0,0.0,5,pessimistic,Phoenix Suns,2012-13 / 2013-14 / 2014-15,2014-15,112,134,0.471,-1.2,Eric Bledsoe,Markieff Morris,"Eric Bledsoe, Markieff Morris, Brandon Knight, Marcus Morris Sr., P.J. Tucker",0.086,2.8,0.0,0.28,0.293,0.287,0,0.0,59.4,67.1,67.7,Similar superstar presence + star players lost,Similar superstar presence trend + roster depth trend
Utah Jazz,2023-24 / 2024-25 / 2025-26,2023-24 / 2024-25 / 2025-26,0.285,-7.5,0.0,0,Jaren Jackson Jr.,Lauri Markkanen,18,43,-0.041,-1.2,0.0,1,top_1,Phoenix Suns,2016-17 / 2017-18 / 2018-19,2018-19,64,182,0.255,-8.0,Devin Booker,Deandre Ayton,"Devin Booker, Deandre Ayton, Kelly Oubre Jr., Josh Jackson, Richaun Holmes",-0.03,-1.9,0.0,0.466,0.708,0.587,0,4.0,69.0,73.6,78.8,Similar superstar presence + star players lost,Similar superstar presence trend + roster potential trend
Utah Jazz,2023-24 / 2024-25 / 2025-26,2023-24 / 2024-25 / 2025-26,0.285,-7.5,0.0,0,Jaren Jackson Jr.,Lauri Markkanen,18,43,-0.041,-1.2,0.0,2,top_2,Detroit Pistons,2020-21 / 2021-22 / 2022-23,2022-23,60,176,0.251,-7.0,Bojan Bogdanovic,Jaden Ivey,"Jaden Ivey, Bojan Bogdanovic, Killian Hayes, Jalen Duren, Alec Burks",-0.035,-1.7,0.0,0.171,0.537,0.354,0,1.0,66.1,68.4,81.8,Similar superstar presence + star players lost,Similar superstar presence trend + top player quality trend
Utah Jazz,2023-24 / 2024-25 / 2025-26,2023-24 / 2024-25 / 2025-26,0.285,-7.5,0.0,0,Jaren Jackson Jr.,Lauri Markkanen,18,43,-0.041,-1.2,0.0,3,top_3,Phoenix Suns,2015-16 / 2016-17 / 2017-18,2017-18,68,178,0.275,-7.0,Devin Booker,Elfrid Payton,"Devin Booker, T.J. Warren, Elfrid Payton, Alex Len, Josh Jackson",-0.012,-1.2,0.0,0.232,0.466,0.349,0,0.0,64.5,65.9,84.3,Similar superstar presence + star players lost,Similar net rating trend + superstar presence trend
Utah Jazz,2023-24 / 2024-25 / 2025-26,2023-24 / 2024-25 / 2025-26,0.285,-7.5,0.0,0,Jaren Jackson Jr.,Lauri Markkanen,18,43,-0.041,-1.2,0.0,4,optimistic,Phoenix Suns,2016-17 / 2017-18 / 2018-19,2018-19,64,182,0.255,-8.0,Devin Booker,Deandre Ayton,"Devin Booker, Deandre Ayton, Kelly Oubre Jr., Josh Jackson, Richaun Holmes",-0.03,-1.9,0.0,0.466,0.708,0.587,0,4.0,69.0,73.6,78.8,Similar superstar presence + star players lost,Similar superstar presence trend + roster potential trend
Utah Jazz,2023-24 / 2024-25 / 2025-26,2023-24 / 2024-25 / 2025-26,0.285,-7.5,0.0,0,Jaren Jackson Jr.,Lauri Markkanen,18,43,-0.041,-1.2,0.0,5,pessimistic,Detroit Pistons,2019-20 / 2020-21 / 2021-22,2021-22,63,157,0.285,-5.5,Cade Cunningham,Saddiq Bey,"Saddiq Bey, Cade Cunningham, Isaiah Stewart, Jerami Grant, Hamidou Diallo",-0.011,-2.1,0.0,0.207,0.171,0.189,0,0.0,58.0,60.1,77.2,Similar superstar presence + star players gained,Similar superstar presence trend + roster potential trend
Washington Wizards,2023-24 / 2024-25 / 2025-26,2023-24 / 2024-25 / 2025-26,0.227,-10.8,0.0,1,Anthony Davis,Alex Sarr,16,45,0.04,-1.1,0.0,1,top_1,Vancouver Grizzlies,1996-97 / 1997-98 / 1998-99,1998-99,41,173,0.188,-9.2,Shareef Abdur-Rahim,Mike Bibby,"Shareef Abdur-Rahim, Mike Bibby, Tony Massenburg, Michael Smith, Felipe Lopez",-0.005,0.8,0.0,0.268,0.28,0.274,0,0.0,52.0,62.0,59.0,Similar superstar presence + star players lost,Similar superstar presence trend + defensive rank trend
Washington Wizards,2023-24 / 2024-25 / 2025-26,2023-24 / 2024-25 / 2025-26,0.227,-10.8,0.0,1,Anthony Davis,Alex Sarr,16,45,0.04,-1.1,0.0,2,top_2,Denver Nuggets,1996-97 / 1997-98 / 1998-99,1998-99,46,168,0.223,-9.2,Antonio McDyess,Nick Van Exel,"Antonio McDyess, Danny Fortson, Nick Van Exel, Chauncey Billups, Cory Alexander",0.012,-0.4,0.0,0.427,0.488,0.457,0,0.0,51.6,61.8,58.6,Similar superstar presence + star players lost,Similar superstar presence trend + roster potential trend
Washington Wizards,2023-24 / 2024-25 / 2025-26,2023-24 / 2024-25 / 2025-26,0.227,-10.8,0.0,1,Anthony Davis,Alex Sarr,16,45,0.04,-1.1,0.0,3,top_3,Cleveland Cavaliers,2018-19 / 2019-20 / 2020-21,2020-21,60,159,0.282,-8.6,Jarrett Allen,Collin Sexton,"Collin Sexton, Jarrett Allen, Darius Garland, Cedi Osman, Kevin Love",0.037,0.8,0.0,0.537,0.622,0.579,0,1.0,50.7,60.6,57.9,Similar superstar presence + defensive rank,Similar superstar presence trend + win percentage trend
Washington Wizards,2023-24 / 2024-25 / 2025-26,2023-24 / 2024-25 / 2025-26,0.227,-10.8,0.0,1,Anthony Davis,Alex Sarr,16,45,0.04,-1.1,0.0,4,optimistic,Charlotte Bobcats,2010-11 / 2011-12 / 2012-13,2012-13,62,168,0.243,-10.3,Kemba Walker,Ramon Sessions,"Kemba Walker, Gerald Henderson, Ramon Sessions, Michael Kidd-Gilchrist, Byron Mullens",-0.079,-2.9,0.0,0.524,,0.524,1,,39.8,68.0,41.0,Similar superstar presence + star players lost,Similar superstar presence trend + 2nd player quality trend
Washington Wizards,2023-24 / 2024-25 / 2025-26,2023-24 / 2024-25 / 2025-26,0.227,-10.8,0.0,1,Anthony Davis,Alex Sarr,16,45,0.04,-1.1,0.0,5,pessimistic,Vancouver Grizzlies,1996-97 / 1997-98 / 1998-99,1998-99,41,173,0.188,-9.2,Shareef Abdur-Rahim,Mike Bibby,"Shareef Abdur-Rahim, Mike Bibby, Tony Massenburg, Michael Smith, Felipe Lopez",-0.005,0.8,0.0,0.268,0.28,0.274,0,0.0,52.0,62.0,59.0,Similar superstar presence + star players lost,Similar superstar presence trend + defensive rank trend
