SEASON,YEAR,ORtg_Correlation,ORtg_PValue,DRtg_Correlation,DRtg_PValue
2015-16,2016,0.887606257047371,6.245872744340402e-11,-0.816794065577299,3.688436072040663e-08
2016-17,2017,0.7876828468047897,2.396180621278068e-07,-0.6732494463697647,4.5616291343533674e-05
2017-18,2018,0.8457479365491243,4.011398617122317e-09,-0.6650055079135079,6.0990665743897006e-05
2018-19,2019,0.8545972479196469,1.8579478770693759e-09,-0.7734882052355336,5.390615660921919e-07
2019-20,2020,0.7435803045062588,2.4981224699178656e-06,-0.8333860320315085,1.0889022631942236e-08
2020-21,2021,0.8327198336055374,1.1464570871483866e-08,-0.5962604314084418,0.0005065612797801375
2021-22,2022,0.8018931781739536,9.987325010479986e-08,-0.7708452252990503,6.229301162215741e-07
2022-23,2023,0.7888753319540189,2.232215772640347e-07,-0.7908165497444329,1.9870306807268888e-07
2023-24,2024,0.861297712021682,1.0023384119856152e-09,-0.7540777173020867,1.4945879882466809e-06
2024-25,2025,0.890200980560311,4.578981365831876e-11,-0.800918357189238,1.0628735529859736e-07
